"rank","product_name","total_revenue"
"1","Product_340","565910.46"
"2","Product_947","556736.64"
"3","Product_312","541863.20"
"4","Product_1893","541588.87"
"5","Product_1134","530543.88"
"6","Product_1607","529865.33"
"7","Product_329","527313.52"
"8","Product_27","525324.51"
"9","Product_1075","522415.84"
"10","Product_1684","520017.25"
"11","Product_1905","519577.19"
"12","Product_182","519332.24"
"13","Product_1233","517714.73"
"14","Product_1751","517244.55"
"15","Product_1921","515383.90"
"16","Product_1785","515375.26"
"17","Product_144","514660.22"
"18","Product_1119","512702.26"
"19","Product_991","509788.91"
"20","Product_1386","507257.98"
"21","Product_528","506961.92"
"22","Product_1707","505644.43"
"23","Product_1127","504198.03"
"24","Product_544","503903.84"
"25","Product_771","503538.25"
"26","Product_1561","503341.79"
"27","Product_516","502828.53"
"28","Product_1746","502381.00"
"29","Product_1262","502102.99"
"30","Product_575","500277.09"
"31","Product_1484","500180.00"
"32","Product_1412","499458.58"
"33","Product_455","498961.37"
"34","Product_1642","498623.26"
"35","Product_1695","498402.37"
"36","Product_1347","497591.08"
"37","Product_958","497301.51"
"38","Product_669","496889.87"
"39","Product_1609","496657.74"
"40","Product_1478","496265.07"
"41","Product_126","496068.85"
"42","Product_1922","495103.99"
"43","Product_1580","494540.65"
"44","Product_1264","493849.63"
"45","Product_640","493670.77"
"46","Product_536","493496.42"
"47","Product_1493","492997.16"
"48","Product_1875","492578.42"
"49","Product_773","492360.87"
"50","Product_1300","492320.24"
"51","Product_1824","492055.60"
"52","Product_1462","491874.53"
"53","Product_740","491407.21"
"54","Product_127","491406.87"
"55","Product_1651","491382.22"
"56","Product_1156","490910.27"
"57","Product_1896","490576.80"
"58","Product_178","490419.73"
"59","Product_262","488320.04"
"60","Product_1870","488102.74"
"61","Product_1055","487831.67"
"62","Product_1543","487807.17"
"63","Product_1545","487581.77"
"64","Product_1831","487087.08"
"65","Product_244","486796.46"
"66","Product_1735","486372.20"
"67","Product_1093","486242.88"
"68","Product_1719","486036.74"
"69","Product_508","485901.86"
"70","Product_1715","485701.25"
"71","Product_744","485526.81"
"72","Product_1192","484953.35"
"73","Product_311","484949.73"
"74","Product_1399","484461.27"
"75","Product_369","484417.86"
"76","Product_190","483780.12"
"77","Product_1687","483182.16"
"78","Product_959","482941.91"
"79","Product_993","482729.96"
"80","Product_285","482664.48"
"81","Product_402","482663.73"
"82","Product_1929","482265.22"
"83","Product_1154","482237.24"
"84","Product_115","481725.57"
"85","Product_1925","481017.59"
"86","Product_1275","481007.22"
"87","Product_1571","480259.47"
"88","Product_1417","480179.81"
"89","Product_1071","480050.74"
"90","Product_941","479752.08"
"91","Product_1678","479698.94"
"92","Product_1361","479555.51"
"93","Product_206","479485.35"
"94","Product_1920","479439.94"
"95","Product_1049","478730.40"
"96","Product_399","478108.98"
"97","Product_1098","478026.12"
"98","Product_167","477887.21"
"99","Product_762","477827.85"
"100","Product_934","477550.04"
"101","Product_256","477448.34"
"102","Product_1753","477231.25"
"103","Product_91","477218.15"
"104","Product_482","476978.60"
"105","Product_1993","476757.84"
"106","Product_1292","476683.04"
"107","Product_1029","476563.77"
"108","Product_1771","476449.80"
"109","Product_1267","476287.55"
"110","Product_1159","475811.44"
"111","Product_2","475513.53"
"112","Product_1591","475046.99"
"113","Product_436","474985.25"
"114","Product_688","474654.35"
"115","Product_1934","474371.28"
"116","Product_1733","474285.05"
"117","Product_245","474275.18"
"118","Product_1038","474266.13"
"119","Product_660","473932.95"
"120","Product_869","473921.05"
"121","Product_936","473808.53"
"122","Product_138","473625.84"
"123","Product_784","473589.96"
"124","Product_1290","473589.69"
"125","Product_1919","473424.21"
"126","Product_1117","473387.54"
"127","Product_753","473275.08"
"128","Product_240","473261.24"
"129","Product_1742","473152.15"
"130","Product_961","473082.54"
"131","Product_590","473028.76"
"132","Product_162","472558.14"
"133","Product_681","472008.27"
"134","Product_1004","472008.00"
"135","Product_761","471949.59"
"136","Product_1793","471907.65"
"137","Product_889","471834.15"
"138","Product_1158","471674.84"
"139","Product_578","471601.67"
"140","Product_1863","471355.52"
"141","Product_709","471199.49"
"142","Product_1513","471158.50"
"143","Product_1480","470767.55"
"144","Product_1491","470603.80"
"145","Product_1713","470581.17"
"146","Product_824","470449.89"
"147","Product_1964","470120.33"
"148","Product_1169","470119.16"
"149","Product_1702","469934.21"
"150","Product_830","469928.77"
"151","Product_1526","469730.07"
"152","Product_563","469671.71"
"153","Product_1914","469663.76"
"154","Product_656","469587.22"
"155","Product_1056","469489.46"
"156","Product_965","469138.95"
"157","Product_632","469050.44"
"158","Product_297","468983.74"
"159","Product_1315","468956.04"
"160","Product_1789","468533.14"
"161","Product_1251","468511.78"
"162","Product_276","468457.06"
"163","Product_1133","468427.26"
"164","Product_1257","468382.17"
"165","Product_1518","468307.96"
"166","Product_832","468190.11"
"167","Product_557","468163.88"
"168","Product_1228","467870.65"
"169","Product_302","467752.16"
"170","Product_1643","467746.73"
"171","Product_1940","467693.21"
"172","Product_464","467556.13"
"173","Product_1146","467241.97"
"174","Product_490","467131.10"
"175","Product_107","467121.82"
"176","Product_829","466516.96"
"177","Product_913","466450.35"
"178","Product_135","466344.99"
"179","Product_1836","466062.26"
"180","Product_907","465904.33"
"181","Product_809","465840.44"
"182","Product_1219","465518.71"
"183","Product_615","465462.12"
"184","Product_976","465354.86"
"185","Product_1524","465094.93"
"186","Product_356","464995.39"
"187","Product_29","464692.44"
"188","Product_978","464410.02"
"189","Product_4","464067.34"
"190","Product_1423","463992.47"
"191","Product_229","463952.85"
"192","Product_429","463936.34"
"193","Product_345","463690.26"
"194","Product_477","463636.19"
"195","Product_203","463031.96"
"196","Product_267","462922.28"
"197","Product_469","462708.49"
"198","Product_1129","462583.45"
"199","Product_1100","462572.03"
"200","Product_1549","462152.89"
"201","Product_231","461884.89"
"202","Product_1424","461713.32"
"203","Product_1868","461626.58"
"204","Product_757","461605.00"
"205","Product_932","461563.45"
"206","Product_963","461369.49"
"207","Product_1027","461287.67"
"208","Product_1890","461264.34"
"209","Product_1245","461137.70"
"210","Product_1353","460967.86"
"211","Product_819","460646.43"
"212","Product_1495","460640.49"
"213","Product_305","460574.33"
"214","Product_607","460102.97"
"215","Product_643","459837.72"
"216","Product_1712","459801.94"
"217","Product_185","459746.52"
"218","Product_1792","459621.27"
"219","Product_1659","459488.54"
"220","Product_359","459467.57"
"221","Product_1408","459407.37"
"222","Product_500","459380.23"
"223","Product_443","459182.50"
"224","Product_522","459161.26"
"225","Product_1494","459094.46"
"226","Product_333","459028.35"
"227","Product_191","458915.97"
"228","Product_984","458897.46"
"229","Product_1803","458894.72"
"230","Product_1640","458758.89"
"231","Product_636","458669.20"
"232","Product_1984","458369.23"
"233","Product_1693","458323.23"
"234","Product_1044","457909.80"
"235","Product_597","457807.99"
"236","Product_1566","457757.21"
"237","Product_74","457661.79"
"238","Product_380","457554.73"
"239","Product_461","457479.46"
"240","Product_390","457386.17"
"241","Product_651","456942.00"
"242","Product_72","456817.98"
"243","Product_1188","456779.98"
"244","Product_1971","456634.37"
"245","Product_353","456596.40"
"246","Product_1938","456521.34"
"247","Product_689","456455.62"
"248","Product_554","456308.81"
"249","Product_1360","456296.47"
"250","Product_1008","456025.43"
"251","Product_172","455918.35"
"252","Product_195","455916.88"
"253","Product_1570","455804.64"
"254","Product_859","455571.70"
"255","Product_732","455362.63"
"256","Product_920","455337.28"
"257","Product_1623","454522.19"
"258","Product_1511","454468.29"
"259","Product_136","454443.76"
"260","Product_1632","454398.40"
"261","Product_1516","454356.82"
"262","Product_1291","454248.41"
"263","Product_623","454016.94"
"264","Product_422","453696.95"
"265","Product_273","453452.59"
"266","Product_1030","453451.94"
"267","Product_875","453373.52"
"268","Product_1253","453221.70"
"269","Product_972","453218.82"
"270","Product_286","453170.75"
"271","Product_1498","453155.24"
"272","Product_576","453124.79"
"273","Product_901","452912.01"
"274","Product_1297","452730.31"
"275","Product_1328","452454.42"
"276","Product_401","452073.16"
"277","Product_708","451998.73"
"278","Product_431","451904.39"
"279","Product_1736","451895.97"
"280","Product_438","451709.43"
"281","Product_609","451525.97"
"282","Product_89","451484.99"
"283","Product_1436","451380.23"
"284","Product_1435","451341.89"
"285","Product_1534","451320.89"
"286","Product_8","451284.61"
"287","Product_1366","450928.87"
"288","Product_1284","450896.03"
"289","Product_1531","450886.61"
"290","Product_1350","450781.71"
"291","Product_296","450738.90"
"292","Product_1148","450729.51"
"293","Product_404","450543.71"
"294","Product_357","450533.13"
"295","Product_1377","450280.48"
"296","Product_1985","450197.71"
"297","Product_1689","450127.59"
"298","Product_57","450102.50"
"299","Product_537","449997.81"
"300","Product_442","449991.71"
"301","Product_1138","449983.62"
"302","Product_32","449885.88"
"303","Product_1622","449647.03"
"304","Product_813","449387.32"
"305","Product_1295","449264.06"
"306","Product_925","449212.41"
"307","Product_1065","449046.93"
"308","Product_1048","448611.41"
"309","Product_1949","448610.66"
"310","Product_1592","448545.59"
"311","Product_341","448527.98"
"312","Product_549","448460.55"
"313","Product_330","448384.93"
"314","Product_400","448314.50"
"315","Product_532","448223.69"
"316","Product_304","448193.85"
"317","Product_1990","448153.73"
"318","Product_854","447865.65"
"319","Product_562","447862.16"
"320","Product_836","447698.73"
"321","Product_926","447612.73"
"322","Product_1714","447508.83"
"323","Product_1911","447488.04"
"324","Product_928","447202.95"
"325","Product_437","447153.86"
"326","Product_1479","446929.16"
"327","Product_1260","446908.46"
"328","Product_1180","446849.47"
"329","Product_548","446637.05"
"330","Product_242","446617.85"
"331","Product_1917","446580.29"
"332","Product_476","446485.29"
"333","Product_1107","446411.02"
"334","Product_943","446384.00"
"335","Product_1147","446365.28"
"336","Product_1368","446346.79"
"337","Product_1809","446272.09"
"338","Product_583","445907.25"
"339","Product_1701","445828.27"
"340","Product_1854","445630.86"
"341","Product_360","445630.53"
"342","Product_217","445466.78"
"343","Product_1685","444974.02"
"344","Product_1317","444940.99"
"345","Product_1302","444844.58"
"346","Product_1653","444819.42"
"347","Product_1737","444765.39"
"348","Product_1499","444705.55"
"349","Product_1370","444606.40"
"350","Product_998","444459.11"
"351","Product_479","444318.57"
"352","Product_1673","444236.32"
"353","Product_1325","444140.77"
"354","Product_1309","444115.34"
"355","Product_243","444069.20"
"356","Product_1510","444032.31"
"357","Product_278","443969.42"
"358","Product_1848","443889.77"
"359","Product_1110","443871.30"
"360","Product_1915","443842.13"
"361","Product_625","443765.45"
"362","Product_9","443637.77"
"363","Product_866","443447.89"
"364","Product_125","443180.55"
"365","Product_1967","443158.13"
"366","Product_865","443147.89"
"367","Product_466","443059.10"
"368","Product_1661","443042.28"
"369","Product_1319","442853.53"
"370","Product_1786","442752.80"
"371","Product_17","442709.17"
"372","Product_363","442696.36"
"373","Product_1234","442595.79"
"374","Product_192","442554.31"
"375","Product_1217","442550.81"
"376","Product_1125","442493.67"
"377","Product_1758","442434.47"
"378","Product_783","442363.17"
"379","Product_1252","442315.94"
"380","Product_1801","442279.46"
"381","Product_1804","442196.31"
"382","Product_137","442116.73"
"383","Product_1943","442076.43"
"384","Product_1198","442072.97"
"385","Product_1855","441856.60"
"386","Product_850","441826.79"
"387","Product_1223","441810.16"
"388","Product_579","441698.24"
"389","Product_807","441668.21"
"390","Product_1006","441572.63"
"391","Product_1206","441476.56"
"392","Product_1323","441452.86"
"393","Product_1981","441406.36"
"394","Product_1419","441377.02"
"395","Product_1388","441328.63"
"396","Product_235","441117.01"
"397","Product_1010","440992.30"
"398","Product_785","440985.73"
"399","Product_1221","440963.71"
"400","Product_1390","440954.19"
"401","Product_187","440920.73"
"402","Product_254","440846.33"
"403","Product_378","440827.93"
"404","Product_1141","440806.06"
"405","Product_1438","440651.75"
"406","Product_1559","440569.38"
"407","Product_59","440493.22"
"408","Product_1628","440411.41"
"409","Product_1952","440341.34"
"410","Product_1070","440138.30"
"411","Product_26","440135.16"
"412","Product_1641","440131.13"
"413","Product_1324","440014.00"
"414","Product_1279","439765.24"
"415","Product_938","439765.02"
"416","Product_319","439716.02"
"417","Product_99","439667.04"
"418","Product_51","439659.54"
"419","Product_68","439632.57"
"420","Product_223","439627.91"
"421","Product_1743","439613.44"
"422","Product_1453","439610.99"
"423","Product_457","439384.82"
"424","Product_1163","439349.23"
"425","Product_331","439284.28"
"426","Product_1214","439219.91"
"427","Product_47","439216.81"
"428","Product_106","439105.91"
"429","Product_1204","439047.12"
"430","Product_453","438971.06"
"431","Product_87","438862.14"
"432","Product_1874","438860.79"
"433","Product_1711","438854.54"
"434","Product_1926","438780.68"
"435","Product_1763","438766.38"
"436","Product_1082","438745.79"
"437","Product_1009","438550.22"
"438","Product_1597","438543.99"
"439","Product_314","438487.32"
"440","Product_1572","438438.90"
"441","Product_1087","438437.00"
"442","Product_1937","438421.80"
"443","Product_237","438359.28"
"444","Product_1960","438322.46"
"445","Product_622","438257.34"
"446","Product_1866","438201.49"
"447","Product_1142","438098.27"
"448","Product_670","438031.99"
"449","Product_1011","437952.08"
"450","Product_368","437944.87"
"451","Product_1821","437888.01"
"452","Product_1506","437849.72"
"453","Product_324","437693.99"
"454","Product_352","437385.92"
"455","Product_592","437362.03"
"456","Product_930","437301.96"
"457","Product_1933","437272.26"
"458","Product_1503","436986.66"
"459","Product_1210","436967.04"
"460","Product_101","436966.90"
"461","Product_128","436897.88"
"462","Product_1682","436882.44"
"463","Product_811","436824.83"
"464","Product_1603","436818.85"
"465","Product_13","436775.45"
"466","Product_306","436705.56"
"467","Product_2000","436478.57"
"468","Product_1445","436385.15"
"469","Product_1691","436369.14"
"470","Product_1618","436332.59"
"471","Product_529","436291.56"
"472","Product_1811","436206.22"
"473","Product_22","436011.72"
"474","Product_1903","435976.06"
"475","Product_406","435937.61"
"476","Product_301","435840.77"
"477","Product_375","435567.50"
"478","Product_538","435426.42"
"479","Product_387","435419.01"
"480","Product_1946","435377.86"
"481","Product_1963","435366.80"
"482","Product_668","435244.98"
"483","Product_1136","435175.18"
"484","Product_1205","435121.09"
"485","Product_1724","434964.23"
"486","Product_328","434927.17"
"487","Product_1731","434810.50"
"488","Product_551","434773.56"
"489","Product_224","434749.29"
"490","Product_1357","434736.28"
"491","Product_793","434692.85"
"492","Product_994","434655.07"
"493","Product_470","434625.99"
"494","Product_1970","434425.66"
"495","Product_595","434398.55"
"496","Product_1021","434320.81"
"497","Product_335","434278.96"
"498","Product_421","434158.85"
"499","Product_596","434157.00"
"500","Product_600","434156.54"
"501","Product_1143","434132.15"
"502","Product_373","434126.04"
"503","Product_1244","434078.81"
"504","Product_1400","434069.73"
"505","Product_573","434023.26"
"506","Product_1676","433999.58"
"507","Product_1282","433936.87"
"508","Product_803","433825.81"
"509","Product_413","433817.17"
"510","Product_36","433744.71"
"511","Product_1525","433698.34"
"512","Product_1780","433697.06"
"513","Product_1425","433448.89"
"514","Product_332","433400.70"
"515","Product_386","433337.64"
"516","Product_1372","432946.74"
"517","Product_1296","432853.40"
"518","Product_193","432807.47"
"519","Product_1052","432723.55"
"520","Product_1322","432655.44"
"521","Product_423","432566.94"
"522","Product_303","432566.86"
"523","Product_1536","432254.94"
"524","Product_183","432193.62"
"525","Product_822","432166.79"
"526","Product_1987","432159.42"
"527","Product_1012","432149.56"
"528","Product_1535","432056.72"
"529","Product_1774","432009.86"
"530","Product_165","431994.27"
"531","Product_724","431926.73"
"532","Product_79","431769.79"
"533","Product_1750","431735.57"
"534","Product_922","431487.89"
"535","Product_155","431485.18"
"536","Product_743","431230.16"
"537","Product_1274","431144.77"
"538","Product_896","431069.61"
"539","Product_225","431055.31"
"540","Product_1429","431045.62"
"541","Product_1481","431043.44"
"542","Product_585","431035.36"
"543","Product_1728","431022.68"
"544","Product_1085","430728.31"
"545","Product_929","430659.85"
"546","Product_1808","430650.64"
"547","Product_727","430641.63"
"548","Product_1760","430629.97"
"549","Product_1635","430595.07"
"550","Product_794","430592.61"
"551","Product_1095","430535.01"
"552","Product_1822","430401.25"
"553","Product_564","430251.89"
"554","Product_1781","430235.60"
"555","Product_282","430176.07"
"556","Product_232","430097.36"
"557","Product_1726","430090.99"
"558","Product_1363","429927.56"
"559","Product_487","429924.18"
"560","Product_630","429892.97"
"561","Product_396","429876.86"
"562","Product_1883","429797.06"
"563","Product_227","429740.76"
"564","Product_495","429705.53"
"565","Product_631","429697.66"
"566","Product_1718","429574.59"
"567","Product_1663","429354.39"
"568","Product_867","429321.16"
"569","Product_1989","429315.27"
"570","Product_1551","429160.47"
"571","Product_1830","429015.17"
"572","Product_1833","428983.67"
"573","Product_1997","428970.59"
"574","Product_63","428902.63"
"575","Product_825","428676.78"
"576","Product_795","428594.28"
"577","Product_1376","428333.95"
"578","Product_612","428331.95"
"579","Product_379","428291.12"
"580","Product_1815","428282.26"
"581","Product_1849","428268.02"
"582","Product_1043","428201.63"
"583","Product_1105","428182.47"
"584","Product_539","428164.62"
"585","Product_1812","428073.83"
"586","Product_989","428041.43"
"587","Product_238","428035.21"
"588","Product_1769","428028.75"
"589","Product_1092","428012.13"
"590","Product_252","428010.35"
"591","Product_323","427790.42"
"592","Product_1553","427721.10"
"593","Product_118","427674.36"
"594","Product_741","427604.33"
"595","Product_892","427550.00"
"596","Product_862","427511.97"
"597","Product_946","427457.28"
"598","Product_1354","427434.41"
"599","Product_1224","427378.79"
"600","Product_120","427300.15"
"601","Product_161","427228.11"
"602","Product_1179","427066.25"
"603","Product_1403","427062.37"
"604","Product_1501","427032.90"
"605","Product_85","426949.86"
"606","Product_280","426868.50"
"607","Product_410","426859.94"
"608","Product_686","426766.05"
"609","Product_1242","426672.00"
"610","Product_1028","426253.78"
"611","Product_1983","426250.44"
"612","Product_93","426223.61"
"613","Product_403","426164.15"
"614","Product_1331","426139.96"
"615","Product_337","425943.14"
"616","Product_851","425865.74"
"617","Product_659","425684.52"
"618","Product_1174","425611.27"
"619","Product_835","425571.25"
"620","Product_1814","425526.91"
"621","Product_1080","425510.62"
"622","Product_654","425455.14"
"623","Product_1681","425382.46"
"624","Product_990","425352.99"
"625","Product_92","425246.55"
"626","Product_565","424733.27"
"627","Product_1650","424719.60"
"628","Product_878","424622.90"
"629","Product_1574","424559.46"
"630","Product_1613","424479.95"
"631","Product_484","424475.84"
"632","Product_166","424450.30"
"633","Product_1927","424440.24"
"634","Product_259","424418.88"
"635","Product_1895","424368.00"
"636","Product_226","424361.17"
"637","Product_1942","424348.12"
"638","Product_518","424319.60"
"639","Product_1515","424279.77"
"640","Product_514","424265.35"
"641","Product_440","424252.76"
"642","Product_858","424193.74"
"643","Product_750","424193.63"
"644","Product_774","424097.81"
"645","Product_1002","424024.66"
"646","Product_177","423974.73"
"647","Product_76","423890.09"
"648","Product_1631","423759.38"
"649","Product_1537","423654.19"
"650","Product_425","423625.12"
"651","Product_608","423619.99"
"652","Product_1153","423500.44"
"653","Product_60","423459.05"
"654","Product_83","423330.85"
"655","Product_121","423300.32"
"656","Product_1916","423261.30"
"657","Product_427","423140.50"
"658","Product_1332","423139.88"
"659","Product_857","423088.92"
"660","Product_50","423067.64"
"661","Product_392","422976.70"
"662","Product_1734","422847.68"
"663","Product_1024","422821.03"
"664","Product_874","422714.39"
"665","Product_1433","422620.97"
"666","Product_729","422544.55"
"667","Product_1672","422538.26"
"668","Product_786","422513.08"
"669","Product_472","422437.19"
"670","Product_1900","422404.07"
"671","Product_209","422181.48"
"672","Product_1019","422026.67"
"673","Product_1522","421991.01"
"674","Product_1246","421947.23"
"675","Product_975","421926.32"
"676","Product_1805","421915.33"
"677","Product_1051","421913.70"
"678","Product_798","421797.72"
"679","Product_1966","421732.33"
"680","Product_284","421693.36"
"681","Product_1427","421646.06"
"682","Product_1557","421368.35"
"683","Product_1172","421348.28"
"684","Product_770","421122.87"
"685","Product_1544","421114.79"
"686","Product_672","421084.47"
"687","Product_1612","421068.73"
"688","Product_1838","421050.24"
"689","Product_5","420960.71"
"690","Product_641","420915.16"
"691","Product_432","420680.58"
"692","Product_599","420524.14"
"693","Product_48","420514.20"
"694","Product_606","420479.35"
"695","Product_1170","420392.80"
"696","Product_1449","420325.55"
"697","Product_969","420301.25"
"698","Product_633","420285.39"
"699","Product_371","420213.85"
"700","Product_868","420208.95"
"701","Product_272","420162.34"
"702","Product_1285","420146.73"
"703","Product_294","420089.45"
"704","Product_1240","420053.66"
"705","Product_921","419941.77"
"706","Product_1381","419901.85"
"707","Product_98","419893.13"
"708","Product_602","419828.20"
"709","Product_1564","419812.27"
"710","Product_1382","419772.60"
"711","Product_1195","419718.31"
"712","Product_21","419658.70"
"713","Product_696","419649.95"
"714","Product_290","419566.65"
"715","Product_214","419478.12"
"716","Product_1310","419404.33"
"717","Product_1193","419199.76"
"718","Product_446","419140.90"
"719","Product_736","419119.71"
"720","Product_372","419107.80"
"721","Product_424","419048.42"
"722","Product_169","418868.71"
"723","Product_52","418857.62"
"724","Product_344","418499.70"
"725","Product_1512","418492.64"
"726","Product_458","418391.25"
"727","Product_1560","418313.24"
"728","Product_1668","418146.65"
"729","Product_1677","418136.28"
"730","Product_711","418122.15"
"731","Product_1050","418090.37"
"732","Product_16","418074.80"
"733","Product_1314","418065.32"
"734","Product_269","418054.67"
"735","Product_1045","417979.08"
"736","Product_650","417959.61"
"737","Product_33","417944.81"
"738","Product_1077","417848.42"
"739","Product_1410","417841.09"
"740","Product_308","417812.97"
"741","Product_953","417735.17"
"742","Product_574","417684.87"
"743","Product_1973","417647.13"
"744","Product_6","417626.93"
"745","Product_710","417585.78"
"746","Product_430","417508.01"
"747","Product_1208","417362.50"
"748","Product_1975","417351.36"
"749","Product_1114","417322.55"
"750","Product_1173","417278.68"
"751","Product_1461","417244.13"
"752","Product_1090","417189.50"
"753","Product_679","417182.76"
"754","Product_1646","417179.80"
"755","Product_1877","417111.14"
"756","Product_861","417036.22"
"757","Product_1892","417036.20"
"758","Product_796","416988.38"
"759","Product_707","416983.75"
"760","Product_715","416933.83"
"761","Product_577","416752.23"
"762","Product_1980","416642.29"
"763","Product_108","416549.91"
"764","Product_1226","416378.99"
"765","Product_535","416345.54"
"766","Product_755","416340.71"
"767","Product_1184","416277.19"
"768","Product_122","416222.45"
"769","Product_1151","416182.19"
"770","Product_1845","416174.59"
"771","Product_1307","416099.64"
"772","Product_677","416032.00"
"773","Product_1362","416007.65"
"774","Product_506","415973.82"
"775","Product_1802","415960.58"
"776","Product_1996","415876.33"
"777","Product_1834","415856.97"
"778","Product_1886","415818.70"
"779","Product_980","415752.81"
"780","Product_61","415694.13"
"781","Product_605","415584.14"
"782","Product_722","415476.98"
"783","Product_236","415451.98"
"784","Product_1583","415350.09"
"785","Product_67","415325.15"
"786","Product_220","415248.65"
"787","Product_1969","415245.06"
"788","Product_691","415234.97"
"789","Product_616","415214.37"
"790","Product_65","415204.97"
"791","Product_197","415181.56"
"792","Product_1748","415040.40"
"793","Product_1018","415031.45"
"794","Product_1954","414990.55"
"795","Product_601","414917.73"
"796","Product_1374","414872.77"
"797","Product_533","414870.62"
"798","Product_213","414791.32"
"799","Product_911","414702.52"
"800","Product_78","414545.12"
"801","Product_627","414484.23"
"802","Product_759","414346.17"
"803","Product_1364","414333.94"
"804","Product_1754","414284.63"
"805","Product_1405","414249.19"
"806","Product_362","414177.75"
"807","Product_1199","414164.42"
"808","Product_527","414136.49"
"809","Product_1166","414134.97"
"810","Product_1371","414075.11"
"811","Product_90","413915.19"
"812","Product_621","413873.25"
"813","Product_1254","413735.92"
"814","Product_1327","413624.93"
"815","Product_1968","413593.85"
"816","Product_988","413570.54"
"817","Product_1439","413566.45"
"818","Product_591","413513.71"
"819","Product_1542","413323.77"
"820","Product_395","413187.62"
"821","Product_698","413139.55"
"822","Product_1230","413103.77"
"823","Product_109","413082.12"
"824","Product_818","413039.80"
"825","Product_1375","413012.85"
"826","Product_1953","413010.06"
"827","Product_905","412990.62"
"828","Product_1286","412879.27"
"829","Product_547","412857.84"
"830","Product_493","412851.04"
"831","Product_473","412787.31"
"832","Product_1248","412733.01"
"833","Product_1455","412732.10"
"834","Product_873","412721.46"
"835","Product_1741","412591.69"
"836","Product_1595","412496.52"
"837","Product_1825","412492.52"
"838","Product_1965","412473.10"
"839","Product_71","412469.34"
"840","Product_1717","412457.31"
"841","Product_917","412302.93"
"842","Product_553","412299.65"
"843","Product_751","412281.83"
"844","Product_1416","412175.85"
"845","Product_545","412130.11"
"846","Product_890","412035.11"
"847","Product_1017","411948.46"
"848","Product_1097","411925.87"
"849","Product_1577","411832.09"
"850","Product_571","411815.55"
"850","Product_1600","411815.55"
"852","Product_114","411781.57"
"853","Product_450","411683.72"
"854","Product_586","411662.55"
"855","Product_1690","411501.53"
"856","Product_415","411457.92"
"857","Product_1656","411441.88"
"858","Product_411","411436.74"
"859","Product_1617","411432.73"
"860","Product_690","411429.07"
"861","Product_604","411330.66"
"862","Product_699","411253.91"
"863","Product_780","411240.16"
"864","Product_515","411190.49"
"865","Product_580","411175.95"
"866","Product_1584","411054.26"
"867","Product_1175","410846.08"
"868","Product_1739","410815.82"
"869","Product_1318","410801.59"
"870","Product_1648","410801.03"
"871","Product_1732","410784.97"
"872","Product_692","410777.13"
"873","Product_1457","410726.51"
"874","Product_265","410684.82"
"875","Product_1958","410599.83"
"876","Product_258","410485.25"
"877","Product_1407","410467.92"
"878","Product_662","410462.24"
"879","Product_1444","410396.30"
"880","Product_966","410376.44"
"881","Product_1220","410365.69"
"882","Product_1293","410364.00"
"883","Product_716","410327.13"
"884","Product_1891","410226.90"
"885","Product_1273","410160.15"
"886","Product_1229","410128.24"
"887","Product_1276","410117.43"
"888","Product_164","409994.47"
"889","Product_1662","409942.80"
"890","Product_1288","409871.60"
"891","Product_417","409853.68"
"892","Product_714","409801.38"
"893","Product_1421","409747.15"
"894","Product_1683","409581.57"
"895","Product_1406","409541.96"
"896","Product_132","409528.74"
"897","Product_1486","409492.36"
"898","Product_412","409482.43"
"899","Product_1611","409463.21"
"900","Product_1137","409458.71"
"901","Product_1369","409376.24"
"902","Product_1287","409343.87"
"903","Product_1497","409314.13"
"904","Product_148","409298.71"
"905","Product_1162","409261.74"
"906","Product_1978","409248.38"
"907","Product_342","409239.65"
"908","Product_1014","409139.66"
"909","Product_718","409124.76"
"910","Product_587","409124.66"
"911","Product_1846","409053.81"
"912","Product_86","409026.28"
"913","Product_1471","408976.15"
"914","Product_3","408726.35"
"915","Product_1977","408639.72"
"916","Product_881","408546.32"
"917","Product_1191","408467.92"
"918","Product_1686","408434.67"
"919","Product_731","408411.09"
"920","Product_735","408376.15"
"921","Product_705","408312.25"
"922","Product_1860","408048.49"
"923","Product_1413","408031.87"
"924","Product_485","407986.27"
"925","Product_758","407927.81"
"926","Product_700","407925.15"
"927","Product_1872","407884.28"
"928","Product_1467","407883.20"
"929","Product_635","407853.63"
"930","Product_151","407841.44"
"931","Product_1797","407822.53"
"932","Product_81","407812.54"
"933","Product_160","407803.83"
"934","Product_1268","407789.76"
"935","Product_1738","407779.94"
"936","Product_1101","407765.02"
"937","Product_1442","407624.18"
"938","Product_1766","407572.07"
"939","Product_1694","407563.87"
"940","Product_719","407436.63"
"941","Product_1982","407427.65"
"942","Product_742","407337.91"
"943","Product_7","407324.49"
"944","Product_397","407021.12"
"945","Product_327","406949.27"
"946","Product_1277","406941.82"
"947","Product_19","406867.85"
"948","Product_420","406824.98"
"949","Product_196","406792.48"
"950","Product_1788","406758.30"
"951","Product_663","406677.40"
"952","Product_1241","406623.97"
"953","Product_350","406535.41"
"954","Product_298","406415.94"
"955","Product_1727","406408.79"
"956","Product_1864","406368.75"
"957","Product_287","406362.31"
"958","Product_394","406326.42"
"959","Product_1813","406290.31"
"960","Product_40","406226.60"
"961","Product_1005","406149.64"
"962","Product_1835","406139.79"
"963","Product_1394","405997.78"
"964","Product_1930","405950.22"
"965","Product_949","405787.77"
"966","Product_1155","405682.99"
"967","Product_1616","405664.16"
"968","Product_1539","405617.70"
"969","Product_1856","405579.77"
"970","Product_1829","405560.63"
"971","Product_1351","405524.71"
"972","Product_886","405489.56"
"973","Product_1094","405391.52"
"974","Product_1910","405388.84"
"975","Product_1299","405310.45"
"976","Product_841","405308.47"
"977","Product_876","405252.31"
"978","Product_1238","405171.24"
"979","Product_221","405168.56"
"980","Product_1384","404778.70"
"981","Product_945","404696.94"
"982","Product_1059","404668.79"
"983","Product_513","404649.85"
"984","Product_321","404562.94"
"985","Product_902","404562.44"
"986","Product_856","404544.96"
"987","Product_1263","404432.19"
"988","Product_507","404401.61"
"989","Product_1067","404382.67"
"990","Product_782","404207.21"
"991","Product_1487","404172.65"
"992","Product_381","404109.00"
"993","Product_1852","404015.07"
"994","Product_1414","404002.03"
"995","Product_1249","403962.93"
"996","Product_1979","403838.78"
"997","Product_270","403624.59"
"998","Product_764","403539.10"
"999","Product_910","403385.99"
"1000","Product_895","403365.63"
"1001","Product_1391","403284.22"
"1002","Product_94","403223.54"
"1003","Product_1031","403179.37"
"1004","Product_885","403087.56"
"1005","Product_1448","403025.63"
"1006","Product_1638","402960.00"
"1007","Product_1283","402761.46"
"1008","Product_1775","402678.80"
"1009","Product_376","402663.35"
"1010","Product_1026","402600.17"
"1011","Product_1356","402597.70"
"1012","Product_1305","402587.71"
"1013","Product_1","402421.85"
"1014","Product_642","402411.82"
"1015","Product_428","402325.78"
"1016","Product_524","402299.61"
"1017","Product_1131","402227.74"
"1018","Product_1121","402197.27"
"1019","Product_1443","402194.39"
"1020","Product_806","402184.55"
"1021","Product_767","402081.33"
"1022","Product_156","402047.41"
"1023","Product_1135","401926.00"
"1024","Product_1342","401895.27"
"1025","Product_343","401881.96"
"1026","Product_110","401809.82"
"1027","Product_1744","401754.53"
"1028","Product_1330","401744.05"
"1029","Product_1183","401735.07"
"1030","Product_1106","401694.42"
"1031","Product_1865","401630.64"
"1032","Product_942","401503.52"
"1033","Product_1858","401492.49"
"1034","Product_1115","401378.15"
"1035","Product_1723","401303.95"
"1036","Product_239","401212.70"
"1037","Product_812","401165.41"
"1038","Product_1187","401103.28"
"1039","Product_1703","401096.72"
"1040","Product_426","400911.17"
"1041","Product_918","400893.14"
"1042","Product_119","400842.34"
"1043","Product_1778","400826.82"
"1044","Product_1670","400745.58"
"1045","Product_1912","400695.89"
"1046","Product_992","400689.47"
"1047","Product_525","400682.47"
"1048","Product_1906","400560.50"
"1049","Product_674","400498.64"
"1050","Product_1261","400444.03"
"1051","Product_1020","400420.98"
"1052","Product_703","400390.53"
"1053","Product_1888","400356.84"
"1054","Product_260","400334.37"
"1055","Product_123","400293.61"
"1056","Product_274","400137.49"
"1057","Product_77","400117.35"
"1058","Product_546","400113.07"
"1059","Product_1451","399995.77"
"1060","Product_1120","399956.34"
"1061","Product_1889","399944.80"
"1062","Product_1157","399940.61"
"1063","Product_933","399633.72"
"1064","Product_1873","399603.43"
"1065","Product_1962","399518.02"
"1066","Product_589","399515.29"
"1067","Product_534","399476.97"
"1068","Product_1532","399462.77"
"1069","Product_568","399395.72"
"1070","Product_1046","399300.53"
"1071","Product_456","399294.60"
"1072","Product_1945","399228.91"
"1073","Product_1757","399208.80"
"1074","Product_517","399186.13"
"1075","Product_88","399173.56"
"1076","Product_1000","399127.18"
"1077","Product_1348","399117.68"
"1078","Product_454","399115.53"
"1079","Product_1563","399043.85"
"1080","Product_1272","399032.80"
"1081","Product_1606","399020.33"
"1082","Product_212","398965.65"
"1083","Product_1610","398944.00"
"1084","Product_418","398802.95"
"1085","Product_800","398802.27"
"1086","Product_295","398765.19"
"1087","Product_1881","398685.78"
"1088","Product_1086","398470.56"
"1089","Product_364","398431.35"
"1090","Product_1777","398288.53"
"1091","Product_80","398268.78"
"1092","Product_444","398258.76"
"1093","Product_1950","398218.37"
"1094","Product_1303","398216.68"
"1095","Product_1066","398157.08"
"1096","Product_1265","398141.30"
"1097","Product_974","398061.67"
"1098","Product_1615","398003.78"
"1099","Product_828","397936.75"
"1100","Product_1212","397930.93"
"1101","Product_1871","397838.14"
"1102","Product_570","397769.17"
"1103","Product_804","397720.03"
"1104","Product_1664","397687.00"
"1105","Product_1281","397681.25"
"1106","Product_1827","397623.00"
"1107","Product_1509","397608.98"
"1108","Product_11","397584.23"
"1109","Product_1150","397581.82"
"1110","Product_1326","397555.75"
"1111","Product_1556","397451.93"
"1112","Product_935","397348.76"
"1113","Product_1447","397294.51"
"1114","Product_877","397274.22"
"1115","Product_1521","397256.40"
"1116","Product_1784","397196.32"
"1117","Product_1454","397104.32"
"1118","Product_1994","397043.24"
"1119","Product_981","397038.64"
"1120","Product_1665","397033.86"
"1121","Product_95","397011.33"
"1122","Product_871","396987.00"
"1123","Product_649","396935.78"
"1124","Product_366","396834.94"
"1125","Product_1948","396823.10"
"1126","Product_1058","396794.53"
"1127","Product_55","396782.06"
"1128","Product_610","396546.90"
"1129","Product_205","396510.75"
"1130","Product_30","396451.47"
"1131","Product_1818","396428.69"
"1132","Product_567","396367.86"
"1133","Product_1762","396365.96"
"1134","Product_171","396345.48"
"1135","Product_271","396299.18"
"1136","Product_66","396253.96"
"1137","Product_1418","396207.84"
"1138","Product_1392","396177.31"
"1139","Product_523","396160.55"
"1140","Product_734","396121.14"
"1141","Product_1126","396006.55"
"1142","Product_1783","395944.08"
"1143","Product_233","395884.35"
"1144","Product_133","395867.85"
"1145","Product_1961","395761.74"
"1146","Product_1770","395669.79"
"1147","Product_474","395632.72"
"1148","Product_717","395597.45"
"1149","Product_1340","395484.38"
"1150","Product_1202","395440.06"
"1151","Product_1345","395358.05"
"1152","Product_216","395342.92"
"1153","Product_241","395337.90"
"1154","Product_1533","395328.90"
"1155","Product_1389","395279.89"
"1156","Product_706","395273.55"
"1157","Product_614","395219.34"
"1158","Product_1341","395194.07"
"1159","Product_1181","395089.15"
"1160","Product_1605","395061.79"
"1161","Product_208","395053.76"
"1162","Product_805","395035.11"
"1163","Product_70","394999.77"
"1164","Product_409","394878.38"
"1165","Product_1039","394848.31"
"1166","Product_504","394835.77"
"1167","Product_1225","394829.45"
"1168","Product_626","394774.26"
"1169","Product_116","394629.50"
"1170","Product_1358","394624.74"
"1171","Product_1649","394589.39"
"1172","Product_1986","394442.72"
"1173","Product_531","394358.67"
"1174","Product_1215","394325.64"
"1175","Product_872","394322.21"
"1176","Product_1145","394260.18"
"1177","Product_810","394238.80"
"1178","Product_1379","394170.71"
"1179","Product_927","394079.19"
"1180","Product_175","394065.25"
"1181","Product_475","394041.36"
"1182","Product_1402","393993.70"
"1183","Product_1791","393981.14"
"1184","Product_1025","393935.75"
"1185","Product_255","393751.86"
"1186","Product_864","393729.39"
"1187","Product_1624","393654.21"
"1188","Product_447","393542.81"
"1189","Product_1621","393534.65"
"1190","Product_1819","393507.99"
"1191","Product_1395","393476.34"
"1192","Product_1558","393390.03"
"1193","Product_134","393345.08"
"1194","Product_279","393333.10"
"1195","Product_1699","393319.97"
"1196","Product_157","393308.33"
"1197","Product_147","393293.35"
"1198","Product_354","393292.63"
"1199","Product_1430","393188.98"
"1200","Product_1231","393178.76"
"1201","Product_158","393087.67"
"1202","Product_14","393041.93"
"1203","Product_748","393037.64"
"1204","Product_1001","392967.64"
"1205","Product_1671","392902.20"
"1206","Product_665","392815.87"
"1207","Product_639","392780.24"
"1208","Product_746","392747.00"
"1209","Product_1476","392693.10"
"1210","Product_1902","392651.32"
"1211","Product_1928","392626.04"
"1212","Product_198","392586.33"
"1213","Product_499","392487.51"
"1214","Product_682","392350.08"
"1215","Product_1458","392342.37"
"1216","Product_1428","392335.34"
"1217","Product_1258","392236.19"
"1218","Product_281","392049.88"
"1219","Product_1123","391978.88"
"1220","Product_1680","391942.81"
"1221","Product_1312","391928.74"
"1222","Product_1201","391876.60"
"1223","Product_1627","391865.44"
"1224","Product_1130","391768.68"
"1225","Product_62","391764.65"
"1226","Product_526","391697.95"
"1227","Product_676","391682.91"
"1228","Product_1289","391528.93"
"1229","Product_838","391508.35"
"1230","Product_766","391480.12"
"1231","Product_1862","391473.18"
"1232","Product_488","391329.68"
"1233","Product_1800","391249.80"
"1234","Product_338","391242.43"
"1235","Product_1069","391115.18"
"1236","Product_704","391103.19"
"1237","Product_355","391094.28"
"1238","Product_1373","391060.00"
"1239","Product_1185","391037.13"
"1240","Product_569","390936.16"
"1241","Product_326","390935.61"
"1242","Product_1817","390928.79"
"1243","Product_781","390874.80"
"1244","Product_383","390823.78"
"1245","Product_1932","390812.52"
"1246","Product_1674","390772.76"
"1247","Product_582","390666.68"
"1248","Product_1054","390643.62"
"1249","Product_222","390626.77"
"1250","Product_1196","390608.14"
"1251","Product_361","390599.14"
"1252","Product_1596","390527.70"
"1253","Product_1959","390518.71"
"1254","Product_1247","390509.10"
"1255","Product_645","390481.17"
"1256","Product_572","390480.13"
"1257","Product_34","390431.26"
"1258","Product_664","390399.98"
"1259","Product_1759","390339.89"
"1260","Product_1250","390299.91"
"1261","Product_618","390288.53"
"1262","Product_1799","390158.12"
"1263","Product_1269","390087.98"
"1264","Product_1074","390083.21"
"1265","Product_1343","390069.41"
"1266","Product_880","389934.03"
"1267","Product_1072","389842.26"
"1268","Product_1068","389837.94"
"1269","Product_1239","389750.64"
"1270","Product_904","389744.71"
"1271","Product_1122","389703.22"
"1272","Product_1839","389697.76"
"1273","Product_448","389659.66"
"1274","Product_388","389643.03"
"1275","Product_181","389566.54"
"1276","Product_1767","389524.45"
"1277","Product_1755","389423.99"
"1278","Product_1652","389394.18"
"1279","Product_791","389328.86"
"1280","Product_139","389236.63"
"1281","Product_152","389104.58"
"1282","Product_1931","389100.81"
"1283","Product_200","388983.29"
"1284","Product_189","388950.31"
"1285","Product_1859","388837.02"
"1286","Product_1573","388824.29"
"1287","Product_658","388758.52"
"1288","Product_1898","388720.75"
"1289","Product_1787","388692.40"
"1290","Product_1798","388629.63"
"1291","Product_140","388556.41"
"1292","Product_289","388510.51"
"1293","Product_246","388457.14"
"1294","Product_646","388448.98"
"1295","Product_1725","388420.23"
"1296","Product_502","388404.75"
"1297","Product_491","388315.16"
"1298","Product_624","388256.35"
"1299","Product_1885","388164.37"
"1300","Product_1552","388160.09"
"1301","Product_1568","387994.14"
"1302","Product_1705","387990.40"
"1303","Product_1096","387955.67"
"1304","Product_847","387864.08"
"1305","Product_468","387815.43"
"1306","Product_511","387779.83"
"1307","Product_313","387657.06"
"1308","Product_163","387564.09"
"1309","Product_1765","387563.42"
"1310","Product_702","387464.85"
"1311","Product_644","387378.83"
"1312","Product_1548","387310.12"
"1313","Product_561","387299.86"
"1314","Product_1359","387245.14"
"1315","Product_1936","387236.24"
"1316","Product_1118","387211.15"
"1317","Product_628","387073.75"
"1318","Product_1171","387018.27"
"1319","Product_1853","386940.24"
"1320","Product_104","386753.75"
"1321","Product_20","386708.71"
"1322","Product_1178","386706.47"
"1323","Product_1944","386677.87"
"1324","Product_1482","386673.31"
"1325","Product_334","386648.82"
"1326","Product_1304","386645.65"
"1327","Product_1700","386510.84"
"1328","Product_960","386398.81"
"1329","Product_385","386397.53"
"1330","Product_1099","386382.94"
"1331","Product_452","386296.44"
"1332","Product_1270","386290.11"
"1333","Product_1053","386271.90"
"1334","Product_1729","386212.28"
"1335","Product_460","386181.91"
"1336","Product_815","386096.18"
"1337","Product_827","386082.88"
"1338","Product_1420","386077.74"
"1339","Product_1988","385954.18"
"1340","Product_1078","385940.75"
"1341","Product_407","385934.40"
"1342","Product_962","385879.56"
"1343","Product_1913","385847.44"
"1344","Product_1190","385816.84"
"1345","Product_124","385652.47"
"1346","Product_316","385620.34"
"1347","Product_1111","385595.49"
"1348","Product_792","385544.80"
"1349","Product_215","385527.61"
"1350","Product_728","385452.05"
"1351","Product_1530","385425.51"
"1352","Product_1091","385389.49"
"1353","Product_1850","384888.51"
"1354","Product_1519","384774.45"
"1355","Product_1168","384727.11"
"1356","Product_1598","384716.03"
"1357","Product_419","384640.63"
"1358","Product_1076","384420.42"
"1359","Product_480","384390.89"
"1360","Product_96","384374.03"
"1361","Product_37","384303.37"
"1362","Product_775","384281.42"
"1363","Product_1209","384236.84"
"1364","Product_1730","384218.51"
"1365","Product_1149","384188.99"
"1366","Product_503","384180.23"
"1367","Product_1346","384080.86"
"1368","Product_1266","384030.11"
"1369","Product_1857","383950.21"
"1370","Product_924","383942.85"
"1371","Product_288","383827.86"
"1372","Product_347","383639.38"
"1373","Product_1415","383608.81"
"1374","Product_1957","383588.39"
"1375","Product_1841","383579.84"
"1376","Product_655","383562.62"
"1377","Product_1655","383491.42"
"1378","Product_1492","383457.34"
"1379","Product_898","383453.99"
"1380","Product_997","383419.20"
"1381","Product_1554","383258.12"
"1382","Product_1441","383224.82"
"1383","Product_1909","383222.41"
"1384","Product_39","383213.42"
"1385","Product_1708","383056.04"
"1386","Product_1472","383025.94"
"1387","Product_408","382962.11"
"1388","Product_1588","382868.06"
"1389","Product_839","382790.32"
"1390","Product_97","382767.45"
"1391","Product_671","382759.26"
"1392","Product_283","382743.34"
"1393","Product_903","382633.65"
"1394","Product_150","382521.56"
"1395","Product_1947","382517.75"
"1396","Product_701","382494.55"
"1397","Product_300","382443.61"
"1398","Product_1832","382281.20"
"1399","Product_684","382222.25"
"1400","Product_1197","382079.46"
"1401","Product_999","382072.55"
"1402","Product_449","381980.18"
"1403","Product_675","381928.58"
"1404","Product_1587","381887.03"
"1405","Product_1216","381800.69"
"1406","Product_1528","381797.98"
"1407","Product_1716","381773.00"
"1408","Product_1466","381683.99"
"1409","Product_264","381677.24"
"1410","Product_1807","381650.77"
"1411","Product_1182","381639.86"
"1412","Product_1140","381605.98"
"1413","Product_1387","381505.62"
"1414","Product_1843","381454.64"
"1415","Product_1826","381431.28"
"1416","Product_1619","381425.35"
"1417","Product_1483","381321.61"
"1418","Product_15","381298.46"
"1419","Product_900","381282.05"
"1420","Product_41","381206.66"
"1421","Product_349","381023.06"
"1422","Product_1625","381020.82"
"1423","Product_543","381002.97"
"1424","Product_377","380930.52"
"1425","Product_1459","380887.60"
"1426","Product_967","380650.69"
"1427","Product_481","380635.02"
"1428","Product_292","380616.36"
"1429","Product_648","380591.55"
"1430","Product_49","380588.71"
"1431","Product_1880","380479.65"
"1432","Product_1669","380472.85"
"1433","Product_1634","380422.91"
"1434","Product_1882","380344.91"
"1435","Product_131","380296.85"
"1436","Product_1599","380162.41"
"1437","Product_899","380155.56"
"1438","Product_370","380135.71"
"1439","Product_1176","380094.91"
"1440","Product_720","380073.28"
"1441","Product_1764","380003.55"
"1442","Product_204","379992.62"
"1443","Product_1878","379930.32"
"1444","Product_391","379879.84"
"1445","Product_1569","379822.16"
"1446","Product_882","379818.35"
"1447","Product_1608","379673.81"
"1448","Product_1211","379598.67"
"1449","Product_257","379598.44"
"1450","Product_739","379591.89"
"1451","Product_1336","379589.42"
"1452","Product_154","379199.14"
"1453","Product_1876","379193.55"
"1454","Product_497","379103.84"
"1455","Product_1696","379068.94"
"1456","Product_266","378951.29"
"1457","Product_1626","378825.92"
"1458","Product_1203","378677.89"
"1459","Product_1768","378648.24"
"1460","Product_1538","378561.27"
"1461","Product_1164","378381.43"
"1462","Product_299","378205.94"
"1463","Product_1333","378143.70"
"1464","Product_1887","378123.09"
"1465","Product_467","378108.51"
"1466","Product_1036","378027.33"
"1467","Product_733","378020.45"
"1468","Product_765","378001.25"
"1469","Product_817","377956.11"
"1470","Product_1529","377846.17"
"1471","Product_1842","377736.26"
"1472","Product_1113","377724.28"
"1473","Product_1867","377703.22"
"1474","Product_1194","377633.14"
"1475","Product_439","377561.52"
"1476","Product_1894","377551.04"
"1477","Product_1918","377496.90"
"1478","Product_1972","377371.09"
"1479","Product_738","377370.82"
"1480","Product_831","377367.24"
"1481","Product_1657","377300.20"
"1482","Product_1355","377295.32"
"1483","Product_351","377239.21"
"1484","Product_1540","377238.93"
"1485","Product_1697","377194.47"
"1486","Product_1349","376897.08"
"1487","Product_802","376846.54"
"1488","Product_24","376818.77"
"1489","Product_826","376802.56"
"1490","Product_69","376770.24"
"1491","Product_1629","376760.35"
"1492","Product_788","376671.93"
"1493","Product_42","376606.70"
"1494","Product_1469","376592.76"
"1495","Product_763","376417.38"
"1496","Product_250","376338.50"
"1497","Product_45","376309.84"
"1498","Product_1749","376275.41"
"1499","Product_173","376251.86"
"1500","Product_1032","376180.99"
"1501","Product_995","376118.26"
"1502","Product_1298","376112.08"
"1503","Product_823","375908.14"
"1504","Product_199","375859.97"
"1505","Product_1474","375753.86"
"1506","Product_611","375721.26"
"1507","Product_1160","375368.51"
"1508","Product_1844","375117.77"
"1509","Product_433","375081.07"
"1510","Product_1884","375046.26"
"1511","Product_382","375042.82"
"1512","Product_1316","375016.32"
"1513","Product_309","374988.09"
"1514","Product_837","374910.82"
"1515","Product_667","374798.55"
"1516","Product_336","374722.51"
"1517","Product_996","374703.52"
"1518","Product_1232","374499.44"
"1519","Product_779","374489.06"
"1520","Product_1581","374365.23"
"1521","Product_884","374331.77"
"1522","Product_1385","374120.61"
"1523","Product_445","374099.59"
"1524","Product_1897","374056.01"
"1525","Product_1517","374053.42"
"1526","Product_320","374036.20"
"1527","Product_1485","374012.00"
"1528","Product_1446","373939.91"
"1529","Product_1489","373907.39"
"1530","Product_863","373779.21"
"1531","Product_58","373697.12"
"1532","Product_983","373616.08"
"1533","Product_112","373582.22"
"1534","Product_1167","373553.61"
"1535","Product_848","373534.29"
"1536","Product_141","373523.66"
"1537","Product_441","373445.73"
"1538","Product_844","373405.80"
"1539","Product_653","373394.23"
"1540","Product_28","373389.81"
"1541","Product_1776","373228.68"
"1542","Product_315","373208.79"
"1543","Product_1003","373138.18"
"1544","Product_1589","372988.23"
"1545","Product_1235","372981.81"
"1546","Product_1586","372925.59"
"1547","Product_462","372838.19"
"1548","Product_598","372792.31"
"1549","Product_1658","372665.90"
"1550","Product_982","372624.60"
"1551","Product_1463","372587.62"
"1552","Product_143","372545.64"
"1553","Product_1112","372511.74"
"1554","Product_1924","372387.21"
"1555","Product_1037","372044.45"
"1556","Product_1464","371987.14"
"1557","Product_695","371894.64"
"1558","Product_1294","371882.13"
"1559","Product_325","371846.23"
"1560","Product_111","371843.36"
"1561","Product_1861","371829.00"
"1562","Product_194","371807.06"
"1563","Product_471","371740.22"
"1564","Product_1976","371691.54"
"1565","Product_82","371637.59"
"1566","Product_505","371354.99"
"1567","Product_833","371293.23"
"1568","Product_358","371223.53"
"1569","Product_1352","371209.45"
"1570","Product_944","371208.37"
"1571","Product_1365","371168.57"
"1572","Product_1840","371096.03"
"1573","Product_512","371069.65"
"1574","Product_1546","370997.10"
"1575","Product_1756","370906.77"
"1576","Product_849","370747.70"
"1577","Product_1398","370650.14"
"1578","Product_1456","370549.50"
"1579","Product_1103","370521.79"
"1580","Product_1034","370369.68"
"1581","Product_879","370358.40"
"1582","Product_619","370154.23"
"1583","Product_1923","370139.87"
"1584","Product_1992","370069.07"
"1585","Product_964","370037.11"
"1586","Product_228","370025.74"
"1587","Product_566","370004.76"
"1588","Product_530","369841.16"
"1589","Product_843","369764.74"
"1590","Product_1644","369747.44"
"1591","Product_1437","369677.83"
"1592","Product_247","369520.33"
"1593","Product_1998","369489.91"
"1594","Product_678","369271.36"
"1595","Product_1301","369254.34"
"1596","Product_1578","369253.41"
"1597","Product_1639","369054.96"
"1598","Product_749","369044.98"
"1599","Product_1311","368866.24"
"1600","Product_251","368861.49"
"1601","Product_489","368843.17"
"1602","Product_75","368802.85"
"1603","Product_769","368767.65"
"1604","Product_721","368596.86"
"1605","Product_760","368245.57"
"1606","Product_84","368186.70"
"1607","Product_968","368155.30"
"1608","Product_581","368024.87"
"1609","Product_1614","367946.46"
"1610","Product_956","367879.14"
"1611","Product_496","367619.74"
"1612","Product_652","367521.49"
"1613","Product_145","367280.23"
"1614","Product_845","367188.78"
"1615","Product_414","367174.53"
"1616","Product_1460","367027.28"
"1617","Product_142","367009.51"
"1618","Product_1666","366965.82"
"1619","Product_1335","366917.96"
"1620","Product_754","366852.68"
"1621","Product_1109","366852.56"
"1622","Product_46","366376.82"
"1623","Product_593","366342.83"
"1624","Product_1243","366341.63"
"1625","Product_1496","366204.72"
"1626","Product_888","365880.87"
"1627","Product_174","365850.33"
"1628","Product_1060","365829.78"
"1629","Product_1313","365796.52"
"1630","Product_1041","365555.12"
"1631","Product_1633","365384.25"
"1632","Product_1468","365351.01"
"1633","Product_201","365344.50"
"1634","Product_130","365338.17"
"1635","Product_821","365309.55"
"1636","Product_1904","365090.44"
"1637","Product_541","365047.49"
"1638","Product_955","365040.46"
"1639","Product_1579","365014.98"
"1640","Product_638","364996.50"
"1641","Product_483","364965.11"
"1642","Product_1790","364811.42"
"1643","Product_1647","364721.35"
"1644","Product_1422","364680.50"
"1645","Product_218","364581.81"
"1646","Product_979","364575.50"
"1647","Product_1823","364471.24"
"1648","Product_797","364419.65"
"1649","Product_778","364403.06"
"1650","Product_1473","364361.77"
"1651","Product_840","364336.44"
"1652","Product_1899","364282.77"
"1653","Product_1761","364267.32"
"1654","Product_451","364263.39"
"1655","Product_550","364238.04"
"1656","Product_801","364101.99"
"1657","Product_1505","363974.29"
"1658","Product_12","363963.61"
"1659","Product_552","363839.18"
"1660","Product_799","363789.07"
"1661","Product_860","363768.46"
"1662","Product_1108","363751.97"
"1663","Product_1490","363688.98"
"1664","Product_1033","363522.33"
"1665","Product_970","363492.33"
"1666","Product_1013","363485.39"
"1667","Product_249","363426.20"
"1668","Product_1081","363236.03"
"1669","Product_234","363234.60"
"1670","Product_1951","363228.38"
"1671","Product_1089","363117.03"
"1672","Product_1675","363079.60"
"1673","Product_1565","363005.28"
"1674","Product_1709","362939.57"
"1675","Product_713","362817.28"
"1676","Product_521","362801.85"
"1677","Product_211","362796.53"
"1678","Product_1227","362609.01"
"1679","Product_1047","362569.34"
"1680","Product_908","362474.63"
"1681","Product_1939","362409.25"
"1682","Product_1901","362398.95"
"1683","Product_1974","362388.53"
"1684","Product_852","362184.07"
"1685","Product_1434","362164.12"
"1686","Product_1806","362122.44"
"1687","Product_105","362032.89"
"1688","Product_1507","361577.81"
"1689","Product_1555","361225.62"
"1690","Product_588","361191.26"
"1691","Product_1585","360884.49"
"1692","Product_985","360471.14"
"1693","Product_777","360391.94"
"1694","Product_855","360357.76"
"1695","Product_814","360338.20"
"1696","Product_1514","360055.44"
"1697","Product_486","359897.65"
"1698","Product_153","359878.90"
"1699","Product_1810","359824.70"
"1700","Product_1704","359806.74"
"1701","Product_613","359799.80"
"1702","Product_661","359791.51"
"1703","Product_263","359715.69"
"1704","Product_1477","359701.48"
"1705","Product_1016","359693.30"
"1706","Product_1426","359642.76"
"1707","Product_1401","359431.44"
"1708","Product_906","359425.62"
"1709","Product_894","359363.65"
"1710","Product_275","359311.16"
"1711","Product_43","359285.48"
"1712","Product_725","359273.75"
"1713","Product_168","359204.33"
"1714","Product_1440","359122.43"
"1715","Product_207","359083.13"
"1716","Product_1740","359065.90"
"1717","Product_937","359062.05"
"1718","Product_853","359031.10"
"1719","Product_1306","359009.24"
"1720","Product_494","358953.30"
"1721","Product_1773","358927.92"
"1722","Product_594","358757.83"
"1723","Product_1504","358638.67"
"1724","Product_1837","358593.61"
"1725","Product_1383","358495.65"
"1726","Product_756","358417.49"
"1727","Product_737","358372.31"
"1728","Product_478","358318.18"
"1729","Product_367","358284.87"
"1730","Product_180","358206.84"
"1731","Product_374","358147.04"
"1732","Product_1007","357994.90"
"1733","Product_952","357857.24"
"1734","Product_723","357530.52"
"1735","Product_346","357447.72"
"1736","Product_1710","357230.32"
"1737","Product_1562","357206.06"
"1738","Product_1450","357125.94"
"1739","Product_694","357044.97"
"1740","Product_1177","357014.42"
"1741","Product_987","356995.59"
"1742","Product_1104","356985.14"
"1743","Product_1999","356925.50"
"1744","Product_307","356443.87"
"1745","Product_1015","356435.10"
"1746","Product_1820","356403.26"
"1747","Product_318","356388.87"
"1748","Product_916","356356.59"
"1749","Product_1575","356317.37"
"1750","Product_405","356292.82"
"1751","Product_291","356252.15"
"1752","Product_510","356186.68"
"1753","Product_1431","356154.11"
"1754","Product_492","356086.63"
"1755","Product_923","356081.79"
"1756","Product_1941","356067.45"
"1757","Product_1908","356007.89"
"1758","Product_1337","355909.17"
"1759","Product_1088","355881.71"
"1760","Product_322","355245.81"
"1761","Product_556","355068.73"
"1762","Product_1259","355060.23"
"1763","Product_1637","354933.08"
"1764","Product_1527","354822.29"
"1765","Product_1667","354814.83"
"1766","Product_1582","354567.23"
"1767","Product_1186","354446.95"
"1768","Product_971","354364.48"
"1769","Product_712","354244.04"
"1770","Product_1782","354161.69"
"1771","Product_1236","354030.80"
"1772","Product_1063","353949.74"
"1773","Product_637","353919.76"
"1774","Product_747","353897.71"
"1775","Product_1745","353886.79"
"1776","Product_1991","353854.05"
"1777","Product_1213","353848.21"
"1778","Product_1222","353831.59"
"1779","Product_617","353687.50"
"1780","Product_268","353541.39"
"1781","Product_1630","353429.68"
"1782","Product_1593","353249.56"
"1783","Product_293","353231.80"
"1784","Product_35","353212.41"
"1785","Product_1102","353043.37"
"1786","Product_1935","352916.71"
"1787","Product_1189","352881.58"
"1788","Product_1828","352871.80"
"1789","Product_834","352826.43"
"1790","Product_1057","352576.35"
"1791","Product_435","352502.10"
"1792","Product_1475","352125.82"
"1793","Product_219","351841.94"
"1794","Product_1541","351827.25"
"1795","Product_1654","351768.06"
"1796","Product_1594","351712.92"
"1797","Product_957","351704.28"
"1798","Product_693","351585.35"
"1799","Product_25","351438.67"
"1800","Product_186","351433.42"
"1801","Product_384","351319.32"
"1802","Product_73","351228.34"
"1803","Product_509","351169.32"
"1804","Product_1339","351114.51"
"1805","Product_1278","351090.47"
"1806","Product_202","350852.07"
"1807","Product_53","350773.20"
"1808","Product_1380","350734.74"
"1809","Product_897","350671.41"
"1810","Product_10","350417.45"
"1811","Product_1207","350368.67"
"1812","Product_745","350350.33"
"1813","Product_1851","350329.97"
"1814","Product_1116","350306.59"
"1815","Product_687","350261.89"
"1816","Product_100","350247.61"
"1817","Product_1218","350240.65"
"1818","Product_1794","350095.76"
"1819","Product_176","350044.26"
"1820","Product_1200","349818.55"
"1821","Product_1256","349579.23"
"1822","Product_1344","349523.70"
"1823","Product_842","349404.75"
"1824","Product_893","349269.94"
"1825","Product_1042","349241.63"
"1826","Product_883","349156.85"
"1827","Product_434","349146.82"
"1828","Product_463","349099.48"
"1829","Product_188","348997.99"
"1830","Product_1397","348976.59"
"1831","Product_1698","348692.86"
"1832","Product_584","348653.94"
"1833","Product_1470","348627.84"
"1834","Product_954","348369.20"
"1835","Product_1567","348080.85"
"1836","Product_1547","347993.81"
"1837","Product_909","347986.28"
"1838","Product_1500","347801.89"
"1839","Product_1660","347776.96"
"1840","Product_629","347754.84"
"1841","Product_1409","347736.85"
"1842","Product_555","347593.37"
"1843","Product_950","347470.98"
"1844","Product_914","347415.71"
"1845","Product_1308","347343.28"
"1846","Product_1721","347245.88"
"1847","Product_1465","346985.93"
"1848","Product_465","346885.31"
"1849","Product_149","346686.00"
"1850","Product_1879","346682.00"
"1851","Product_1079","346542.75"
"1852","Product_680","346485.34"
"1853","Product_891","346361.14"
"1854","Product_1128","346228.67"
"1855","Product_393","346124.75"
"1856","Product_1772","346094.64"
"1857","Product_117","346042.71"
"1858","Product_1523","345603.64"
"1859","Product_1023","345434.07"
"1860","Product_1022","345392.05"
"1861","Product_973","345225.04"
"1862","Product_939","345169.58"
"1863","Product_1161","344899.63"
"1864","Product_870","344779.54"
"1865","Product_634","344400.16"
"1866","Product_170","344324.05"
"1867","Product_685","344260.26"
"1868","Product_1040","344208.66"
"1869","Product_603","344178.39"
"1870","Product_1452","344044.32"
"1871","Product_38","343788.94"
"1872","Product_498","343643.11"
"1873","Product_951","343400.82"
"1874","Product_620","343275.88"
"1875","Product_146","342824.89"
"1876","Product_776","342558.37"
"1877","Product_277","342496.82"
"1878","Product_1396","342331.89"
"1879","Product_1679","342155.55"
"1880","Product_558","341957.09"
"1881","Product_129","341805.68"
"1882","Product_317","341793.04"
"1883","Product_1378","341780.66"
"1884","Product_647","341626.43"
"1885","Product_1488","341503.78"
"1886","Product_559","341497.05"
"1887","Product_1956","341424.36"
"1888","Product_683","341146.65"
"1889","Product_1255","340863.24"
"1890","Product_1084","340673.76"
"1891","Product_948","340302.41"
"1892","Product_768","340218.52"
"1893","Product_1165","339480.72"
"1894","Product_1062","339293.71"
"1895","Product_1752","338747.70"
"1896","Product_159","338740.04"
"1897","Product_1280","338695.35"
"1898","Product_261","338665.75"
"1899","Product_103","338547.74"
"1900","Product_1338","338435.96"
"1901","Product_23","338323.33"
"1902","Product_1706","338167.86"
"1903","Product_102","337476.26"
"1904","Product_230","337119.88"
"1905","Product_846","336869.94"
"1906","Product_1404","336422.71"
"1907","Product_560","336141.01"
"1908","Product_1722","336139.84"
"1909","Product_673","336029.47"
"1910","Product_1590","335445.27"
"1911","Product_1747","335372.38"
"1912","Product_519","335256.61"
"1913","Product_931","335141.78"
"1914","Product_820","334839.17"
"1915","Product_1508","334570.60"
"1916","Product_1144","333898.20"
"1917","Product_54","333785.25"
"1918","Product_977","333768.79"
"1919","Product_1124","333695.72"
"1920","Product_1847","333271.74"
"1921","Product_56","332989.43"
"1922","Product_64","332909.96"
"1923","Product_1520","332748.06"
"1924","Product_940","332544.16"
"1925","Product_1601","332377.90"
"1926","Product_542","332354.60"
"1927","Product_808","332231.25"
"1928","Product_501","332226.59"
"1929","Product_1869","331394.03"
"1930","Product_1645","330972.12"
"1931","Product_1432","330940.00"
"1932","Product_986","329927.23"
"1933","Product_398","329925.99"
"1934","Product_1796","329707.42"
"1935","Product_184","329493.71"
"1936","Product_1271","329196.35"
"1937","Product_697","328245.63"
"1938","Product_310","328005.94"
"1939","Product_912","327807.11"
"1940","Product_1955","327536.59"
"1941","Product_1779","327426.60"
"1942","Product_1083","326741.46"
"1943","Product_1035","326121.66"
"1944","Product_787","325474.98"
"1945","Product_666","325376.42"
"1946","Product_919","325021.62"
"1947","Product_789","324498.99"
"1948","Product_1152","324180.12"
"1949","Product_540","324179.95"
"1950","Product_416","324148.56"
"1951","Product_726","323763.70"
"1952","Product_18","323630.85"
"1953","Product_1321","323568.47"
"1954","Product_1411","323446.47"
"1955","Product_1502","323337.37"
"1956","Product_1995","323151.74"
"1957","Product_915","323128.74"
"1958","Product_1061","322808.18"
"1959","Product_1329","322618.98"
"1960","Product_887","322405.09"
"1961","Product_253","322046.51"
"1962","Product_459","322026.62"
"1963","Product_1816","321596.87"
"1964","Product_1604","320723.46"
"1965","Product_1620","320010.09"
"1966","Product_1132","318407.48"
"1967","Product_772","318082.63"
"1968","Product_1907","317362.39"
"1969","Product_520","317289.22"
"1970","Product_1073","316877.93"
"1971","Product_1393","316709.76"
"1972","Product_1576","315684.59"
"1973","Product_1237","314621.91"
"1974","Product_752","314224.19"
"1975","Product_1692","313866.45"
"1976","Product_113","311475.58"
"1977","Product_790","310807.35"
"1978","Product_1550","310460.67"
"1979","Product_1064","309781.41"
"1980","Product_248","309511.74"
"1981","Product_657","309064.51"
"1982","Product_730","308251.63"
"1983","Product_1320","307974.73"
"1984","Product_348","304195.12"
"1985","Product_1139","304113.20"
"1986","Product_816","302772.39"
"1987","Product_365","302246.22"
"1988","Product_179","301688.91"
"1989","Product_1688","300355.43"
"1990","Product_44","300159.08"
"1991","Product_339","299673.23"
"1992","Product_1720","299610.62"
"1993","Product_1795","298965.37"
"1994","Product_1334","298663.05"
"1995","Product_1367","297465.55"
"1996","Product_1636","289810.14"
"1997","Product_1602","288328.80"
"1998","Product_389","275777.60"
"1999","Product_210","274496.11"
"2000","Product_31","250703.18"
