product_id,product_name,category_id,supplier_id,unit_price
1,Product_1,17,24,48.31
2,Product_2,6,178,1016.98
3,Product_3,10,104,1089.06
4,Product_4,14,29,1269.57
5,Product_5,15,72,602.4
6,Product_6,12,86,587.72
7,Product_7,19,104,830.79
8,Product_8,11,141,1137.2
9,Product_9,1,192,963.28
10,Product_10,8,156,494.35
11,Product_11,6,133,523.09
12,Product_12,12,74,1145.69
13,Product_13,20,137,804.3
14,Product_14,16,142,151.47
15,Product_15,18,102,233.73
16,Product_16,12,138,1277.53
17,Product_17,20,161,1498.21
18,Product_18,2,75,506.85
19,Product_19,7,40,583.12
20,Product_20,9,134,235.96
21,Product_21,18,17,357.39
22,Product_22,9,164,639.82
23,Product_23,8,70,430.16
24,Product_24,1,61,1053.63
25,Product_25,5,111,809.08
26,Product_26,16,177,1234.33
27,Product_27,14,197,1088.16
28,Product_28,13,83,196.51
29,Product_29,11,199,189.47
30,Product_30,20,24,1343.99
31,Product_31,13,51,1230.17
32,Product_32,15,170,704.54
33,Product_33,16,147,199.89
34,Product_34,13,62,1348.37
35,Product_35,8,67,349.9
36,Product_36,18,30,58.12
37,Product_37,19,107,1386.74
38,Product_38,15,166,1214.36
39,Product_39,10,134,1041.76
40,Product_40,4,111,55.88
41,Product_41,6,150,795.0
42,Product_42,8,121,982.19
43,Product_43,7,11,1140.22
44,Product_44,12,72,709.26
45,Product_45,18,91,1430.26
46,Product_46,18,29,370.95
47,Product_47,19,119,109.25
48,Product_48,4,119,502.49
49,Product_49,1,8,994.4
50,Product_50,5,80,1107.05
51,Product_51,7,163,1109.05
52,Product_52,11,72,170.46
53,Product_53,11,200,1328.21
54,Product_54,10,173,424.85
55,Product_55,7,33,318.82
56,Product_56,16,5,923.61
57,Product_57,1,190,321.71
58,Product_58,1,165,764.52
59,Product_59,12,145,613.51
60,Product_60,16,22,351.89
61,Product_61,5,78,441.63
62,Product_62,14,160,643.97
63,Product_63,18,14,522.51
64,Product_64,9,148,575.46
65,Product_65,2,150,1104.47
66,Product_66,12,30,256.73
67,Product_67,10,182,943.29
68,Product_68,2,161,1018.85
69,Product_69,15,5,1204.12
70,Product_70,4,18,1271.75
71,Product_71,19,63,242.2
72,Product_72,4,174,211.7
73,Product_73,9,135,924.08
74,Product_74,13,157,1136.59
75,Product_75,10,57,412.13
76,Product_76,14,175,791.14
77,Product_77,3,9,1159.5
78,Product_78,3,187,1152.42
79,Product_79,20,112,982.46
80,Product_80,16,105,122.79
81,Product_81,9,123,80.71
82,Product_82,14,71,585.73
83,Product_83,16,199,44.9
84,Product_84,9,113,1356.7
85,Product_85,5,171,35.12
86,Product_86,13,59,49.27
87,Product_87,15,6,252.16
88,Product_88,4,110,942.39
89,Product_89,14,111,814.62
90,Product_90,20,53,990.93
91,Product_91,20,64,1340.86
92,Product_92,7,4,685.14
93,Product_93,4,1,70.59
94,Product_94,17,70,1146.43
95,Product_95,9,31,1218.89
96,Product_96,4,65,79.58
97,Product_97,3,117,368.06
98,Product_98,19,197,1157.04
99,Product_99,9,19,567.35
100,Product_100,8,197,711.61
101,Product_101,7,118,1235.65
102,Product_102,7,69,146.46
103,Product_103,4,177,1017.54
104,Product_104,19,31,326.4
105,Product_105,12,188,98.66
106,Product_106,20,199,995.43
107,Product_107,6,79,186.51
108,Product_108,12,55,1121.78
109,Product_109,20,127,308.04
110,Product_110,4,77,77.53
111,Product_111,2,91,153.45
112,Product_112,15,166,1262.7
113,Product_113,6,161,559.6
114,Product_114,18,6,456.89
115,Product_115,5,141,739.34
116,Product_116,4,20,951.23
117,Product_117,11,100,60.47
118,Product_118,11,165,1347.79
119,Product_119,9,45,1437.93
120,Product_120,3,81,628.87
121,Product_121,11,59,621.88
122,Product_122,2,52,1318.45
123,Product_123,9,146,646.82
124,Product_124,10,25,1285.0
125,Product_125,11,123,47.36
126,Product_126,3,129,737.03
127,Product_127,17,41,1428.88
128,Product_128,11,102,382.94
129,Product_129,17,18,402.9
130,Product_130,19,129,947.03
131,Product_131,4,167,1389.66
132,Product_132,2,159,302.12
133,Product_133,14,102,1382.87
134,Product_134,15,71,996.19
135,Product_135,3,166,1489.61
136,Product_136,20,8,1106.01
137,Product_137,13,162,1003.36
138,Product_138,13,73,1223.28
139,Product_139,18,89,266.83
140,Product_140,20,27,1419.25
141,Product_141,7,169,252.57
142,Product_142,16,7,43.38
143,Product_143,16,32,1048.3
144,Product_144,6,73,280.97
145,Product_145,6,99,1139.34
146,Product_146,4,112,1193.58
147,Product_147,3,144,358.87
148,Product_148,1,130,134.65
149,Product_149,3,171,753.73
150,Product_150,19,31,1335.88
151,Product_151,9,80,1271.7
152,Product_152,14,175,180.04
153,Product_153,19,33,1447.35
154,Product_154,19,145,399.6
155,Product_155,13,99,527.34
156,Product_156,16,54,227.83
157,Product_157,8,54,569.82
158,Product_158,16,179,955.28
159,Product_159,9,180,761.59
160,Product_160,9,135,1242.17
161,Product_161,3,182,963.74
162,Product_162,7,139,399.0
163,Product_163,20,190,838.37
164,Product_164,18,30,100.97
165,Product_165,2,82,873.28
166,Product_166,1,57,587.55
167,Product_167,12,174,152.11
168,Product_168,16,70,464.66
169,Product_169,12,66,1347.64
170,Product_170,10,183,881.13
171,Product_171,9,107,1355.38
172,Product_172,18,186,619.15
173,Product_173,4,10,1468.47
174,Product_174,8,132,543.23
175,Product_175,4,74,1136.42
176,Product_176,16,73,461.58
177,Product_177,8,62,163.46
178,Product_178,7,109,1250.42
179,Product_179,13,171,1145.06
180,Product_180,8,42,1231.84
181,Product_181,7,24,453.04
182,Product_182,5,5,1056.97
183,Product_183,18,99,333.78
184,Product_184,19,196,21.91
185,Product_185,10,99,1300.4
186,Product_186,11,120,787.67
187,Product_187,8,77,1475.56
188,Product_188,6,101,580.63
189,Product_189,11,96,1435.53
190,Product_190,16,173,924.51
191,Product_191,4,187,770.75
192,Product_192,2,120,457.7
193,Product_193,13,65,1238.79
194,Product_194,7,191,1244.05
195,Product_195,17,121,628.31
196,Product_196,13,90,1092.3
197,Product_197,10,195,673.62
198,Product_198,13,177,1110.79
199,Product_199,10,115,1491.31
200,Product_200,7,77,397.43
201,Product_201,10,32,952.91
202,Product_202,16,112,572.92
203,Product_203,3,178,824.82
204,Product_204,4,186,1311.85
205,Product_205,4,52,524.63
206,Product_206,4,23,113.22
207,Product_207,16,30,1199.41
208,Product_208,9,70,834.76
209,Product_209,6,71,676.85
210,Product_210,10,111,279.08
211,Product_211,4,158,143.81
212,Product_212,12,37,421.71
213,Product_213,10,48,1079.76
214,Product_214,12,160,620.6
215,Product_215,19,70,857.49
216,Product_216,19,35,127.66
217,Product_217,1,68,189.25
218,Product_218,4,160,21.9
219,Product_219,13,59,1011.56
220,Product_220,8,118,400.36
221,Product_221,14,163,1450.56
222,Product_222,16,112,466.14
223,Product_223,2,144,548.61
224,Product_224,8,119,706.89
225,Product_225,13,115,482.12
226,Product_226,1,105,1227.08
227,Product_227,12,180,1314.93
228,Product_228,17,66,21.5
229,Product_229,7,6,983.72
230,Product_230,16,14,1030.7
231,Product_231,14,157,1442.33
232,Product_232,10,106,558.75
233,Product_233,3,154,296.94
234,Product_234,12,18,783.27
235,Product_235,8,4,674.1
236,Product_236,16,57,1188.64
237,Product_237,1,119,1356.44
238,Product_238,17,53,134.63
239,Product_239,6,102,1270.64
240,Product_240,1,25,1363.91
241,Product_241,15,175,1386.58
242,Product_242,13,180,1147.64
243,Product_243,6,162,1114.41
244,Product_244,13,144,27.27
245,Product_245,4,94,1380.69
246,Product_246,1,127,530.5
247,Product_247,10,124,66.48
248,Product_248,4,36,622.4
249,Product_249,13,156,1100.61
250,Product_250,4,193,665.72
251,Product_251,16,72,1138.23
252,Product_252,9,53,766.57
253,Product_253,4,170,452.64
254,Product_254,20,79,308.35
255,Product_255,8,98,634.55
256,Product_256,4,147,58.53
257,Product_257,9,44,636.7
258,Product_258,11,30,107.59
259,Product_259,5,74,1316.12
260,Product_260,9,172,865.34
261,Product_261,8,117,970.83
262,Product_262,4,155,436.85
263,Product_263,20,84,342.6
264,Product_264,1,73,1063.32
265,Product_265,20,34,1008.99
266,Product_266,13,127,188.4
267,Product_267,5,85,361.77
268,Product_268,20,152,1420.13
269,Product_269,10,56,459.75
270,Product_270,16,7,43.62
271,Product_271,8,196,100.35
272,Product_272,12,51,1164.36
273,Product_273,3,136,1136.95
274,Product_274,4,184,575.83
275,Product_275,17,58,234.04
276,Product_276,20,85,749.67
277,Product_277,13,69,501.17
278,Product_278,6,8,564.08
279,Product_279,3,194,395.17
280,Product_280,14,152,98.97
281,Product_281,7,170,1187.78
282,Product_282,3,54,929.24
283,Product_283,6,144,1252.78
284,Product_284,13,132,757.29
285,Product_285,14,59,1477.56
286,Product_286,15,94,1443.97
287,Product_287,16,46,411.32
288,Product_288,1,94,583.53
289,Product_289,15,99,1130.3
290,Product_290,7,13,1166.02
291,Product_291,9,37,1366.5
292,Product_292,15,182,980.69
293,Product_293,14,177,715.31
294,Product_294,19,75,569.59
295,Product_295,18,58,631.67
296,Product_296,9,19,1276.36
297,Product_297,1,146,1470.11
298,Product_298,12,188,82.6
299,Product_299,10,145,872.47
300,Product_300,7,139,782.48
301,Product_301,14,143,567.33
302,Product_302,1,200,1278.11
303,Product_303,15,108,865.74
304,Product_304,1,145,473.11
305,Product_305,13,90,668.94
306,Product_306,20,120,538.42
307,Product_307,2,5,647.98
308,Product_308,3,189,111.54
309,Product_309,4,132,172.31
310,Product_310,16,56,937.42
311,Product_311,12,104,1027.68
312,Product_312,4,48,956.75
313,Product_313,12,48,1145.8
314,Product_314,7,163,1415.58
315,Product_315,20,109,1291.62
316,Product_316,3,161,630.67
317,Product_317,5,100,330.23
318,Product_318,12,21,471.22
319,Product_319,12,102,883.67
320,Product_320,20,5,1285.03
321,Product_321,7,192,1054.08
322,Product_322,12,197,816.8
323,Product_323,2,149,904.81
324,Product_324,14,89,794.75
325,Product_325,16,74,1457.58
326,Product_326,7,122,1225.06
327,Product_327,4,160,1173.01
328,Product_328,20,146,778.41
329,Product_329,5,58,501.06
330,Product_330,14,98,34.17
331,Product_331,9,79,69.93
332,Product_332,5,152,50.21
333,Product_333,2,5,1470.81
334,Product_334,5,127,176.15
335,Product_335,3,181,217.47
336,Product_336,10,96,728.8
337,Product_337,8,183,724.69
338,Product_338,10,133,1380.36
339,Product_339,2,197,114.93
340,Product_340,14,122,1436.07
341,Product_341,4,169,328.5
342,Product_342,12,98,1455.38
343,Product_343,20,135,814.28
344,Product_344,14,90,979.76
345,Product_345,16,129,477.01
346,Product_346,5,52,919.68
347,Product_347,16,98,1067.69
348,Product_348,4,26,20.5
349,Product_349,3,121,56.17
350,Product_350,1,191,1479.78
351,Product_351,4,12,689.05
352,Product_352,9,70,1404.05
353,Product_353,1,84,1096.2
354,Product_354,16,19,562.59
355,Product_355,3,132,230.51
356,Product_356,6,96,1467.34
357,Product_357,13,5,878.82
358,Product_358,17,121,292.57
359,Product_359,15,128,1024.07
360,Product_360,12,54,142.61
361,Product_361,8,198,1302.72
362,Product_362,16,185,139.76
363,Product_363,3,180,358.11
364,Product_364,4,18,141.69
365,Product_365,7,64,160.16
366,Product_366,15,138,788.13
367,Product_367,11,23,1032.05
368,Product_368,16,120,1183.78
369,Product_369,14,115,1044.11
370,Product_370,13,82,548.42
371,Product_371,9,196,838.15
372,Product_372,18,180,1391.86
373,Product_373,3,96,584.43
374,Product_374,20,175,382.34
375,Product_375,5,198,781.38
376,Product_376,2,26,449.52
377,Product_377,17,198,396.42
378,Product_378,16,99,1169.31
379,Product_379,20,171,1336.8
380,Product_380,13,197,755.96
381,Product_381,20,191,1170.78
382,Product_382,11,66,284.7
383,Product_383,8,104,823.73
384,Product_384,5,191,956.12
385,Product_385,2,141,738.54
386,Product_386,4,179,179.74
387,Product_387,3,5,1102.48
388,Product_388,2,175,1259.42
389,Product_389,3,164,954.66
390,Product_390,16,164,257.9
391,Product_391,20,178,116.46
392,Product_392,9,184,455.9
393,Product_393,6,19,60.3
394,Product_394,15,20,1259.63
395,Product_395,5,150,1056.08
396,Product_396,9,31,847.71
397,Product_397,6,105,1335.0
398,Product_398,3,190,169.59
399,Product_399,13,44,1073.12
400,Product_400,15,196,224.22
401,Product_401,11,195,96.08
402,Product_402,16,101,203.69
403,Product_403,15,89,1426.66
404,Product_404,6,49,663.45
405,Product_405,14,59,78.25
406,Product_406,11,132,877.53
407,Product_407,20,117,303.57
408,Product_408,10,167,15.22
409,Product_409,16,135,1138.79
410,Product_410,12,199,236.52
411,Product_411,7,177,1414.02
412,Product_412,7,89,891.24
413,Product_413,18,15,135.06
414,Product_414,15,7,330.65
415,Product_415,6,175,918.21
416,Product_416,19,116,510.48
417,Product_417,8,196,800.55
418,Product_418,20,98,1200.27
419,Product_419,15,118,1189.94
420,Product_420,4,173,1048.49
421,Product_421,18,108,1329.65
422,Product_422,13,106,303.04
423,Product_423,1,147,269.98
424,Product_424,8,47,1200.03
425,Product_425,19,53,484.73
426,Product_426,17,155,770.71
427,Product_427,10,133,1117.21
428,Product_428,1,60,596.92
429,Product_429,1,77,199.59
430,Product_430,5,62,1020.79
431,Product_431,1,59,1226.65
432,Product_432,20,189,24.13
433,Product_433,13,56,846.02
434,Product_434,9,78,706.76
435,Product_435,16,47,393.1
436,Product_436,8,176,245.74
437,Product_437,14,138,286.12
438,Product_438,17,160,1088.83
439,Product_439,4,193,806.61
440,Product_440,7,24,1471.83
441,Product_441,17,29,368.63
442,Product_442,16,135,1435.57
443,Product_443,14,95,775.09
444,Product_444,16,145,223.31
445,Product_445,2,94,226.53
446,Product_446,15,25,914.81
447,Product_447,11,36,1247.98
448,Product_448,13,189,1122.83
449,Product_449,4,71,985.16
450,Product_450,1,163,262.3
451,Product_451,15,120,166.97
452,Product_452,12,50,5.37
453,Product_453,9,184,157.18
454,Product_454,7,128,1150.72
455,Product_455,3,193,1343.4
456,Product_456,16,41,364.32
457,Product_457,4,25,1193.37
458,Product_458,14,162,302.28
459,Product_459,13,136,377.66
460,Product_460,20,56,340.12
461,Product_461,19,84,82.34
462,Product_462,2,158,295.12
463,Product_463,10,68,563.45
464,Product_464,19,21,611.18
465,Product_465,15,91,467.65
466,Product_466,7,10,774.51
467,Product_467,15,87,570.11
468,Product_468,17,33,1455.7
469,Product_469,16,105,1211.99
470,Product_470,17,83,1396.81
471,Product_471,16,4,838.35
472,Product_472,18,23,1019.12
473,Product_473,17,197,254.18
474,Product_474,4,53,1130.41
475,Product_475,2,113,357.78
476,Product_476,17,133,223.02
477,Product_477,17,18,67.58
478,Product_478,2,17,710.98
479,Product_479,2,186,433.75
480,Product_480,15,195,1480.16
481,Product_481,16,107,378.5
482,Product_482,11,113,1300.48
483,Product_483,2,122,478.08
484,Product_484,8,200,1124.94
485,Product_485,12,184,991.46
486,Product_486,14,168,844.87
487,Product_487,14,87,628.15
488,Product_488,12,2,1008.3
489,Product_489,2,121,613.88
490,Product_490,14,103,824.41
491,Product_491,12,149,886.75
492,Product_492,9,180,404.7
493,Product_493,8,152,512.91
494,Product_494,20,53,31.98
495,Product_495,16,166,1278.98
496,Product_496,10,148,1135.19
497,Product_497,7,50,279.38
498,Product_498,15,167,546.26
499,Product_499,9,60,634.5
500,Product_500,4,114,504.9
501,Product_501,6,108,1198.37
502,Product_502,12,39,1089.5
503,Product_503,15,71,1151.9
504,Product_504,19,128,1356.67
505,Product_505,2,33,894.75
506,Product_506,19,157,923.73
507,Product_507,20,74,1084.29
508,Product_508,20,10,1023.44
509,Product_509,2,195,1305.37
510,Product_510,15,131,1156.45
511,Product_511,12,109,185.09
512,Product_512,1,159,1392.9
513,Product_513,14,27,1026.23
514,Product_514,4,198,195.08
515,Product_515,11,27,1159.1
516,Product_516,7,111,540.83
517,Product_517,13,9,1209.94
518,Product_518,14,6,1433.33
519,Product_519,7,134,386.59
520,Product_520,11,26,1286.83
521,Product_521,20,43,1161.47
522,Product_522,20,19,1008.42
523,Product_523,11,16,580.46
524,Product_524,9,105,169.24
525,Product_525,4,23,728.43
526,Product_526,2,157,162.97
527,Product_527,2,166,752.72
528,Product_528,9,59,1231.34
529,Product_529,19,48,1496.47
530,Product_530,15,148,301.02
531,Product_531,18,21,315.75
532,Product_532,16,156,1217.27
533,Product_533,2,178,706.24
534,Product_534,12,33,1374.13
535,Product_535,1,114,1154.65
536,Product_536,2,40,1105.96
537,Product_537,14,182,157.42
538,Product_538,7,10,58.63
539,Product_539,17,162,478.56
540,Product_540,15,73,329.86
541,Product_541,17,36,1069.9
542,Product_542,9,75,678.85
543,Product_543,13,135,787.1
544,Product_544,2,115,1221.54
545,Product_545,15,16,720.36
546,Product_546,20,179,819.66
547,Product_547,11,189,1264.27
548,Product_548,19,159,649.85
549,Product_549,14,160,129.27
550,Product_550,4,45,784.95
551,Product_551,11,27,871.15
552,Product_552,16,22,770.14
553,Product_553,2,143,390.78
554,Product_554,2,8,339.42
555,Product_555,9,196,557.79
556,Product_556,4,116,253.51
557,Product_557,8,136,1000.71
558,Product_558,18,87,923.94
559,Product_559,15,117,950.43
560,Product_560,2,16,341.07
561,Product_561,11,176,373.56
562,Product_562,17,162,1182.15
563,Product_563,7,113,1036.72
564,Product_564,8,57,1313.39
565,Product_565,10,133,608.24
566,Product_566,3,44,823.26
567,Product_567,13,71,1109.47
568,Product_568,17,37,1461.36
569,Product_569,13,124,1484.5
570,Product_570,19,28,1498.77
571,Product_571,9,68,1336.34
572,Product_572,16,113,961.28
573,Product_573,5,166,15.42
574,Product_574,9,46,1050.82
575,Product_575,9,100,361.71
576,Product_576,6,26,90.46
577,Product_577,10,75,1047.29
578,Product_578,18,181,1135.24
579,Product_579,11,191,990.85
580,Product_580,15,112,550.93
581,Product_581,7,63,768.95
582,Product_582,14,112,1402.75
583,Product_583,8,166,1095.77
584,Product_584,19,143,759.5
585,Product_585,15,99,892.21
586,Product_586,19,9,1391.89
587,Product_587,18,75,593.7
588,Product_588,17,22,157.26
589,Product_589,3,198,492.11
590,Product_590,3,184,625.72
591,Product_591,7,37,413.08
592,Product_592,10,57,795.81
593,Product_593,17,188,460.76
594,Product_594,15,114,159.25
595,Product_595,8,140,286.16
596,Product_596,17,135,1377.64
597,Product_597,3,194,946.25
598,Product_598,4,103,474.89
599,Product_599,8,41,553.54
600,Product_600,13,152,742.61
601,Product_601,1,153,1011.33
602,Product_602,18,190,875.36
603,Product_603,11,105,1399.38
604,Product_604,6,106,940.49
605,Product_605,16,44,1366.63
606,Product_606,19,130,13.12
607,Product_607,17,170,1336.39
608,Product_608,18,161,1083.58
609,Product_609,11,145,262.43
610,Product_610,14,122,398.24
611,Product_611,12,191,816.5
612,Product_612,20,150,191.78
613,Product_613,7,1,1179.13
614,Product_614,17,94,1187.8
615,Product_615,5,198,454.92
616,Product_616,14,182,109.38
617,Product_617,13,14,1483.33
618,Product_618,12,100,379.84
619,Product_619,14,102,106.0
620,Product_620,9,53,498.3
621,Product_621,4,6,1453.66
622,Product_622,19,90,1190.43
623,Product_623,1,64,723.1
624,Product_624,13,88,461.47
625,Product_625,6,33,637.84
626,Product_626,1,72,30.96
627,Product_627,17,44,1078.96
628,Product_628,3,107,153.97
629,Product_629,17,34,780.96
630,Product_630,2,162,850.94
631,Product_631,7,152,7.53
632,Product_632,1,2,1469.92
633,Product_633,15,136,456.7
634,Product_634,4,117,120.45
635,Product_635,6,153,1282.31
636,Product_636,13,121,232.17
637,Product_637,13,32,42.31
638,Product_638,20,56,744.56
639,Product_639,1,94,199.23
640,Product_640,2,7,1473.72
641,Product_641,6,176,20.56
642,Product_642,11,88,81.54
643,Product_643,18,182,1250.76
644,Product_644,13,191,363.43
645,Product_645,12,130,1367.84
646,Product_646,20,35,470.15
647,Product_647,7,98,109.33
648,Product_648,20,22,20.83
649,Product_649,7,192,427.44
650,Product_650,7,59,713.23
651,Product_651,2,177,6.52
652,Product_652,11,52,873.76
653,Product_653,1,149,503.82
654,Product_654,13,140,588.28
655,Product_655,12,11,395.81
656,Product_656,13,182,795.92
657,Product_657,7,122,349.03
658,Product_658,12,198,206.56
659,Product_659,17,14,1336.52
660,Product_660,8,33,588.88
661,Product_661,3,102,120.01
662,Product_662,7,77,349.33
663,Product_663,19,26,468.36
664,Product_664,20,142,1155.62
665,Product_665,8,176,38.27
666,Product_666,14,65,719.98
667,Product_667,14,46,614.5
668,Product_668,2,127,1452.76
669,Product_669,6,183,274.21
670,Product_670,16,94,943.67
671,Product_671,9,74,307.28
672,Product_672,15,128,824.89
673,Product_673,19,74,834.82
674,Product_674,15,196,117.64
675,Product_675,12,140,687.39
676,Product_676,9,182,694.43
677,Product_677,16,192,482.11
678,Product_678,6,102,419.35
679,Product_679,20,47,340.33
680,Product_680,15,165,13.88
681,Product_681,13,169,7.72
682,Product_682,10,27,886.73
683,Product_683,14,170,440.74
684,Product_684,3,86,255.99
685,Product_685,12,68,1028.68
686,Product_686,1,157,795.71
687,Product_687,16,164,1372.86
688,Product_688,10,109,1247.37
689,Product_689,9,57,1091.46
690,Product_690,18,140,194.24
691,Product_691,1,173,1000.8
692,Product_692,10,148,1042.42
693,Product_693,7,45,1146.18
694,Product_694,10,23,398.38
695,Product_695,12,190,962.24
696,Product_696,11,34,929.33
697,Product_697,9,21,581.04
698,Product_698,5,179,996.94
699,Product_699,4,137,134.61
700,Product_700,20,113,967.04
701,Product_701,13,10,910.99
702,Product_702,8,52,319.88
703,Product_703,16,45,1228.23
704,Product_704,1,180,1312.25
705,Product_705,17,30,319.67
706,Product_706,15,192,118.56
707,Product_707,15,130,907.35
708,Product_708,18,177,722.48
709,Product_709,6,96,644.25
710,Product_710,2,173,1142.71
711,Product_711,5,17,1454.65
712,Product_712,19,28,719.11
713,Product_713,7,126,14.2
714,Product_714,9,45,896.42
715,Product_715,2,17,982.68
716,Product_716,7,187,1242.89
717,Product_717,14,142,303.11
718,Product_718,15,116,788.87
719,Product_719,12,138,673.46
720,Product_720,20,81,998.34
721,Product_721,4,18,100.59
722,Product_722,13,35,1326.6
723,Product_723,9,176,769.18
724,Product_724,12,58,1316.18
725,Product_725,10,115,513.65
726,Product_726,9,18,982.02
727,Product_727,7,180,1435.3
728,Product_728,12,158,1415.35
729,Product_729,16,37,1416.43
730,Product_730,15,40,69.21
731,Product_731,7,6,607.51
732,Product_732,8,79,95.87
733,Product_733,7,163,467.67
734,Product_734,11,154,265.99
735,Product_735,4,105,932.11
736,Product_736,18,91,1172.22
737,Product_737,19,158,772.45
738,Product_738,7,75,1194.23
739,Product_739,13,116,24.16
740,Product_740,9,152,1231.61
741,Product_741,18,122,271.65
742,Product_742,7,55,694.1
743,Product_743,20,9,666.67
744,Product_744,16,106,1310.37
745,Product_745,5,62,1449.14
746,Product_746,7,111,386.41
747,Product_747,6,146,105.78
748,Product_748,2,51,977.53
749,Product_749,7,103,756.75
750,Product_750,9,19,850.73
751,Product_751,13,69,74.17
752,Product_752,17,117,1164.09
753,Product_753,17,82,352.37
754,Product_754,15,123,505.73
755,Product_755,18,33,346.39
756,Product_756,15,108,1419.19
757,Product_757,11,166,257.24
758,Product_758,12,13,1099.82
759,Product_759,17,177,372.39
760,Product_760,12,73,640.25
761,Product_761,7,90,1494.11
762,Product_762,7,181,155.36
763,Product_763,10,129,1322.63
764,Product_764,16,12,1419.34
765,Product_765,11,152,1048.85
766,Product_766,16,129,19.89
767,Product_767,2,68,1232.09
768,Product_768,2,135,1324.0
769,Product_769,18,116,1471.5
770,Product_770,5,92,1259.78
771,Product_771,14,197,671.15
772,Product_772,8,39,1034.53
773,Product_773,6,32,730.27
774,Product_774,9,177,532.76
775,Product_775,6,159,941.51
776,Product_776,17,108,1155.9
777,Product_777,8,79,955.67
778,Product_778,3,3,1240.73
779,Product_779,12,110,268.68
780,Product_780,13,175,563.67
781,Product_781,18,111,472.32
782,Product_782,11,15,295.22
783,Product_783,2,51,667.55
784,Product_784,14,107,1422.07
785,Product_785,1,21,809.32
786,Product_786,15,41,433.18
787,Product_787,18,120,534.32
788,Product_788,18,3,921.55
789,Product_789,17,129,532.36
790,Product_790,1,149,809.83
791,Product_791,14,80,414.87
792,Product_792,20,99,522.17
793,Product_793,16,149,1060.06
794,Product_794,4,105,879.0
795,Product_795,6,95,144.76
796,Product_796,16,177,1459.91
797,Product_797,20,65,78.76
798,Product_798,6,41,128.99
799,Product_799,15,67,1053.57
800,Product_800,1,124,1063.49
801,Product_801,7,42,33.31
802,Product_802,11,69,965.92
803,Product_803,1,185,54.72
804,Product_804,8,171,1441.35
805,Product_805,14,101,1045.73
806,Product_806,5,140,283.93
807,Product_807,13,64,241.37
808,Product_808,15,108,856.65
809,Product_809,9,51,952.11
810,Product_810,8,73,1247.7
811,Product_811,19,60,1355.47
812,Product_812,17,199,591.84
813,Product_813,19,80,1266.91
814,Product_814,18,156,815.86
815,Product_815,18,124,708.52
816,Product_816,4,199,1049.96
817,Product_817,2,14,159.28
818,Product_818,5,160,401.75
819,Product_819,17,8,1226.06
820,Product_820,7,27,758.6
821,Product_821,16,50,1362.52
822,Product_822,1,187,137.61
823,Product_823,12,57,473.55
824,Product_824,19,3,536.55
825,Product_825,9,155,636.97
826,Product_826,16,34,1480.3
827,Product_827,7,26,469.44
828,Product_828,15,168,780.43
829,Product_829,12,115,806.43
830,Product_830,4,86,1157.34
831,Product_831,6,160,779.21
832,Product_832,6,169,910.58
833,Product_833,15,130,1131.23
834,Product_834,3,111,156.19
835,Product_835,2,200,1445.39
836,Product_836,5,106,1270.22
837,Product_837,8,135,586.22
838,Product_838,19,19,1093.98
839,Product_839,16,33,1144.68
840,Product_840,19,2,1276.12
841,Product_841,16,195,286.53
842,Product_842,6,15,1057.04
843,Product_843,1,21,54.84
844,Product_844,18,78,177.79
845,Product_845,8,59,1165.22
846,Product_846,5,104,1220.44
847,Product_847,12,82,890.69
848,Product_848,18,118,874.62
849,Product_849,5,113,1125.52
850,Product_850,13,39,1359.6
851,Product_851,12,20,634.57
852,Product_852,16,1,176.66
853,Product_853,14,73,1259.3
854,Product_854,11,9,515.76
855,Product_855,9,51,205.01
856,Product_856,10,166,923.85
857,Product_857,16,15,869.24
858,Product_858,19,84,714.0
859,Product_859,10,41,1290.4
860,Product_860,4,175,411.98
861,Product_861,8,154,24.79
862,Product_862,11,54,488.59
863,Product_863,6,119,19.51
864,Product_864,4,198,817.67
865,Product_865,5,167,570.48
866,Product_866,18,17,1221.84
867,Product_867,3,198,1197.39
868,Product_868,7,128,654.78
869,Product_869,12,92,328.65
870,Product_870,3,9,636.53
871,Product_871,17,46,963.77
872,Product_872,3,134,289.36
873,Product_873,11,196,1160.7
874,Product_874,6,16,499.19
875,Product_875,11,112,1398.6
876,Product_876,4,87,770.25
877,Product_877,17,157,1271.45
878,Product_878,1,169,925.76
879,Product_879,12,196,834.13
880,Product_880,3,62,1024.78
881,Product_881,16,104,1218.18
882,Product_882,3,120,968.54
883,Product_883,14,168,1196.87
884,Product_884,17,190,289.75
885,Product_885,19,152,419.89
886,Product_886,7,134,348.44
887,Product_887,11,40,1198.46
888,Product_888,16,198,133.76
889,Product_889,19,58,1194.82
890,Product_890,5,142,586.62
891,Product_891,1,78,123.86
892,Product_892,10,173,639.52
893,Product_893,18,111,454.25
894,Product_894,10,99,889.97
895,Product_895,1,6,711.43
896,Product_896,13,23,448.68
897,Product_897,4,62,1294.09
898,Product_898,12,17,613.2
899,Product_899,16,84,708.68
900,Product_900,19,112,1270.71
901,Product_901,12,198,138.14
902,Product_902,6,104,587.89
903,Product_903,16,125,607.27
904,Product_904,12,28,746.26
905,Product_905,10,141,163.65
906,Product_906,5,157,158.48
907,Product_907,19,173,627.54
908,Product_908,12,20,54.38
909,Product_909,8,186,386.2
910,Product_910,4,117,305.76
911,Product_911,7,54,736.63
912,Product_912,5,109,21.68
913,Product_913,11,64,1015.22
914,Product_914,17,52,1284.1
915,Product_915,3,43,1061.58
916,Product_916,2,87,1228.03
917,Product_917,19,18,966.76
918,Product_918,2,84,763.51
919,Product_919,14,54,332.44
920,Product_920,1,60,423.04
921,Product_921,16,123,479.97
922,Product_922,15,71,61.84
923,Product_923,18,129,1370.07
924,Product_924,2,113,1350.95
925,Product_925,11,37,166.13
926,Product_926,17,49,837.26
927,Product_927,13,35,704.12
928,Product_928,12,105,1026.7
929,Product_929,2,195,906.51
930,Product_930,18,35,190.86
931,Product_931,10,9,991.82
932,Product_932,12,165,915.26
933,Product_933,17,60,799.18
934,Product_934,14,56,606.6
935,Product_935,19,106,1432.61
936,Product_936,13,111,1274.91
937,Product_937,3,89,879.7
938,Product_938,8,12,14.53
939,Product_939,5,71,651.02
940,Product_940,12,71,1052.01
941,Product_941,1,119,180.35
942,Product_942,16,132,612.79
943,Product_943,12,189,291.63
944,Product_944,17,173,510.52
945,Product_945,9,95,44.87
946,Product_946,13,178,194.46
947,Product_947,4,50,684.86
948,Product_948,4,103,1347.79
949,Product_949,15,176,738.42
950,Product_950,10,23,682.35
951,Product_951,6,90,1182.42
952,Product_952,3,93,405.41
953,Product_953,15,8,147.13
954,Product_954,6,29,318.31
955,Product_955,11,171,1187.99
956,Product_956,2,53,1017.19
957,Product_957,2,134,141.84
958,Product_958,1,24,1002.3
959,Product_959,11,120,1397.67
960,Product_960,5,124,72.21
961,Product_961,6,142,926.55
962,Product_962,3,52,571.85
963,Product_963,20,70,754.04
964,Product_964,5,4,794.63
965,Product_965,20,186,1157.71
966,Product_966,9,116,837.73
967,Product_967,19,37,891.66
968,Product_968,5,48,502.7
969,Product_969,12,122,193.29
970,Product_970,12,39,1025.68
971,Product_971,16,92,5.72
972,Product_972,7,66,496.43
973,Product_973,14,13,330.98
974,Product_974,9,194,585.86
975,Product_975,15,60,470.35
976,Product_976,11,126,1057.8
977,Product_977,4,169,394.01
978,Product_978,11,32,843.32
979,Product_979,9,180,686.38
980,Product_980,6,133,1202.58
981,Product_981,17,195,645.0
982,Product_982,9,66,1296.49
983,Product_983,6,78,5.22
984,Product_984,6,180,909.23
985,Product_985,4,126,19.66
986,Product_986,20,177,1072.33
987,Product_987,11,29,356.21
988,Product_988,3,166,573.07
989,Product_989,18,70,573.75
990,Product_990,16,136,1270.4
991,Product_991,16,187,157.63
992,Product_992,12,55,1002.01
993,Product_993,14,110,1471.98
994,Product_994,9,2,38.46
995,Product_995,7,154,1449.01
996,Product_996,14,63,32.52
997,Product_997,20,17,1262.52
998,Product_998,20,59,1442.06
999,Product_999,10,88,1489.58
1000,Product_1000,11,16,691.39
1001,Product_1001,7,58,1301.1
1002,Product_1002,19,192,187.9
1003,Product_1003,19,50,640.95
1004,Product_1004,11,154,465.42
1005,Product_1005,6,17,595.79
1006,Product_1006,8,114,1054.46
1007,Product_1007,1,46,135.78
1008,Product_1008,8,106,1497.26
1009,Product_1009,5,127,954.43
1010,Product_1010,10,196,1310.91
1011,Product_1011,2,50,1245.39
1012,Product_1012,4,171,1150.17
1013,Product_1013,2,118,63.64
1014,Product_1014,15,176,777.12
1015,Product_1015,20,68,495.58
1016,Product_1016,10,147,173.84
1017,Product_1017,2,153,517.77
1018,Product_1018,6,200,968.98
1019,Product_1019,14,146,349.79
1020,Product_1020,5,51,669.67
1021,Product_1021,2,146,609.72
1022,Product_1022,14,112,83.43
1023,Product_1023,13,186,943.98
1024,Product_1024,2,64,930.18
1025,Product_1025,9,199,1449.79
1026,Product_1026,3,185,450.52
1027,Product_1027,15,145,631.33
1028,Product_1028,3,59,608.44
1029,Product_1029,12,195,1380.02
1030,Product_1030,6,143,615.93
1031,Product_1031,19,100,666.93
1032,Product_1032,17,26,382.26
1033,Product_1033,6,176,6.75
1034,Product_1034,19,14,170.12
1035,Product_1035,17,122,1057.31
1036,Product_1036,16,9,1025.33
1037,Product_1037,8,7,487.18
1038,Product_1038,19,183,712.14
1039,Product_1039,8,140,449.58
1040,Product_1040,20,145,1097.72
1041,Product_1041,15,108,1264.54
1042,Product_1042,8,136,1349.16
1043,Product_1043,3,91,264.94
1044,Product_1044,16,124,1044.05
1045,Product_1045,3,170,1444.69
1046,Product_1046,1,165,977.66
1047,Product_1047,8,148,529.71
1048,Product_1048,9,1,955.74
1049,Product_1049,12,9,1034.2
1050,Product_1050,18,111,598.59
1051,Product_1051,17,24,160.47
1052,Product_1052,8,125,911.96
1053,Product_1053,20,162,1204.2
1054,Product_1054,11,36,1496.38
1055,Product_1055,7,4,338.47
1056,Product_1056,14,157,1052.08
1057,Product_1057,10,87,46.92
1058,Product_1058,15,144,1454.89
1059,Product_1059,12,8,23.78
1060,Product_1060,20,91,541.4
1061,Product_1061,17,39,119.22
1062,Product_1062,8,58,933.35
1063,Product_1063,14,140,512.55
1064,Product_1064,15,172,1100.75
1065,Product_1065,11,4,732.14
1066,Product_1066,12,25,632.01
1067,Product_1067,20,198,526.03
1068,Product_1068,16,67,133.76
1069,Product_1069,20,167,311.21
1070,Product_1070,18,118,960.46
1071,Product_1071,10,24,747.64
1072,Product_1072,19,6,109.78
1073,Product_1073,18,97,818.21
1074,Product_1074,1,72,85.94
1075,Product_1075,4,161,770.03
1076,Product_1076,7,176,1447.62
1077,Product_1077,1,195,464.48
1078,Product_1078,8,124,1086.64
1079,Product_1079,17,2,1119.6
1080,Product_1080,8,38,610.27
1081,Product_1081,5,40,891.97
1082,Product_1082,1,56,710.71
1083,Product_1083,15,103,428.63
1084,Product_1084,4,103,1133.34
1085,Product_1085,7,21,1055.73
1086,Product_1086,14,115,1351.32
1087,Product_1087,12,35,929.1
1088,Product_1088,3,67,586.14
1089,Product_1089,20,188,1072.44
1090,Product_1090,18,151,930.46
1091,Product_1091,8,193,926.84
1092,Product_1092,2,191,1275.51
1093,Product_1093,6,151,1366.15
1094,Product_1094,7,123,274.46
1095,Product_1095,7,42,474.51
1096,Product_1096,13,192,977.21
1097,Product_1097,1,194,838.05
1098,Product_1098,8,81,980.23
1099,Product_1099,13,41,652.36
1100,Product_1100,20,114,621.6
1101,Product_1101,19,20,180.89
1102,Product_1102,17,9,937.35
1103,Product_1103,13,57,267.8
1104,Product_1104,16,124,1008.18
1105,Product_1105,15,145,1450.77
1106,Product_1106,11,78,388.34
1107,Product_1107,12,18,217.52
1108,Product_1108,3,63,41.14
1109,Product_1109,9,200,571.35
1110,Product_1110,14,93,325.84
1111,Product_1111,7,200,740.33
1112,Product_1112,11,26,788.84
1113,Product_1113,10,200,527.24
1114,Product_1114,3,84,1126.11
1115,Product_1115,19,200,1357.69
1116,Product_1116,2,13,321.23
1117,Product_1117,17,119,1255.27
1118,Product_1118,2,145,201.13
1119,Product_1119,16,115,346.91
1120,Product_1120,17,26,844.32
1121,Product_1121,10,134,463.34
1122,Product_1122,4,81,67.36
1123,Product_1123,11,132,445.83
1124,Product_1124,17,89,1357.78
1125,Product_1125,12,7,265.46
1126,Product_1126,10,17,1146.81
1127,Product_1127,16,86,1084.81
1128,Product_1128,4,128,163.81
1129,Product_1129,3,118,497.52
1130,Product_1130,9,92,288.09
1131,Product_1131,6,50,39.61
1132,Product_1132,12,128,263.7
1133,Product_1133,1,6,306.36
1134,Product_1134,14,158,253.14
1135,Product_1135,10,74,141.19
1136,Product_1136,18,56,791.83
1137,Product_1137,13,39,487.35
1138,Product_1138,9,142,1362.83
1139,Product_1139,19,54,284.88
1140,Product_1140,4,22,906.28
1141,Product_1141,3,185,1351.43
1142,Product_1142,6,41,75.55
1143,Product_1143,9,90,776.83
1144,Product_1144,10,10,678.75
1145,Product_1145,9,2,1393.52
1146,Product_1146,17,195,997.33
1147,Product_1147,10,48,527.0
1148,Product_1148,6,42,1068.72
1149,Product_1149,16,139,876.07
1150,Product_1150,17,140,524.02
1151,Product_1151,11,142,1178.95
1152,Product_1152,20,30,1003.91
1153,Product_1153,7,60,13.1
1154,Product_1154,4,158,1298.38
1155,Product_1155,10,38,598.65
1156,Product_1156,14,75,969.94
1157,Product_1157,17,65,598.17
1158,Product_1158,14,175,1322.64
1159,Product_1159,20,39,978.0
1160,Product_1160,13,177,871.18
1161,Product_1161,2,73,1470.5
1162,Product_1162,9,58,424.56
1163,Product_1163,3,107,102.56
1164,Product_1164,4,89,776.44
1165,Product_1165,12,17,638.91
1166,Product_1166,15,134,684.16
1167,Product_1167,20,143,932.06
1168,Product_1168,8,195,924.61
1169,Product_1169,18,95,591.44
1170,Product_1170,5,156,1295.0
1171,Product_1171,2,172,978.93
1172,Product_1172,9,146,1335.42
1173,Product_1173,14,160,1370.17
1174,Product_1174,1,197,255.13
1175,Product_1175,20,172,1022.44
1176,Product_1176,4,70,479.68
1177,Product_1177,17,63,1255.46
1178,Product_1178,10,58,1100.61
1179,Product_1179,2,175,302.13
1180,Product_1180,6,126,1408.4
1181,Product_1181,19,145,1026.8
1182,Product_1182,9,167,1423.21
1183,Product_1183,19,187,306.86
1184,Product_1184,19,135,1305.21
1185,Product_1185,9,63,1003.77
1186,Product_1186,3,117,830.67
1187,Product_1187,6,185,1231.67
1188,Product_1188,6,162,951.13
1189,Product_1189,17,53,1006.05
1190,Product_1190,13,194,384.24
1191,Product_1191,13,82,1226.5
1192,Product_1192,7,176,977.2
1193,Product_1193,9,188,1267.36
1194,Product_1194,18,43,530.53
1195,Product_1195,1,4,500.91
1196,Product_1196,20,75,40.73
1197,Product_1197,13,94,1154.06
1198,Product_1198,8,107,498.82
1199,Product_1199,9,91,494.18
1200,Product_1200,1,93,1034.58
1201,Product_1201,9,180,383.04
1202,Product_1202,20,160,1363.99
1203,Product_1203,11,113,809.41
1204,Product_1204,20,90,1454.37
1205,Product_1205,4,94,119.62
1206,Product_1206,16,179,508.55
1207,Product_1207,14,138,575.3
1208,Product_1208,20,140,1096.98
1209,Product_1209,18,167,323.38
1210,Product_1210,9,196,566.14
1211,Product_1211,1,138,1366.41
1212,Product_1212,3,92,176.25
1213,Product_1213,20,105,1119.26
1214,Product_1214,1,73,1055.22
1215,Product_1215,3,10,200.11
1216,Product_1216,14,104,1034.29
1217,Product_1217,14,151,856.83
1218,Product_1218,13,141,434.85
1219,Product_1219,1,48,470.16
1220,Product_1220,15,109,1250.32
1221,Product_1221,20,89,350.37
1222,Product_1222,7,44,771.61
1223,Product_1223,16,93,1023.32
1224,Product_1224,20,64,199.2
1225,Product_1225,1,40,1398.87
1226,Product_1226,15,134,394.65
1227,Product_1227,20,120,481.66
1228,Product_1228,15,72,1000.84
1229,Product_1229,19,98,121.9
1230,Product_1230,6,171,943.28
1231,Product_1231,6,32,1374.46
1232,Product_1232,1,177,377.39
1233,Product_1233,16,74,546.05
1234,Product_1234,18,123,352.34
1235,Product_1235,13,147,1229.06
1236,Product_1236,12,84,255.57
1237,Product_1237,18,52,523.21
1238,Product_1238,10,180,903.53
1239,Product_1239,14,34,609.81
1240,Product_1240,20,187,102.88
1241,Product_1241,11,81,1421.84
1242,Product_1242,18,108,510.16
1243,Product_1243,12,126,671.25
1244,Product_1244,17,5,255.48
1245,Product_1245,3,194,1298.7
1246,Product_1246,1,41,440.69
1247,Product_1247,1,34,34.64
1248,Product_1248,6,182,478.02
1249,Product_1249,19,20,1476.17
1250,Product_1250,4,182,224.53
1251,Product_1251,13,66,51.65
1252,Product_1252,12,92,869.37
1253,Product_1253,8,146,560.64
1254,Product_1254,20,44,1193.49
1255,Product_1255,7,103,1099.17
1256,Product_1256,7,48,282.2
1257,Product_1257,7,35,849.13
1258,Product_1258,14,111,53.49
1259,Product_1259,18,39,662.02
1260,Product_1260,19,3,1072.51
1261,Product_1261,20,19,625.36
1262,Product_1262,19,125,181.34
1263,Product_1263,18,146,96.99
1264,Product_1264,6,83,1281.22
1265,Product_1265,16,5,1337.53
1266,Product_1266,3,55,517.92
1267,Product_1267,2,13,250.44
1268,Product_1268,15,162,1468.03
1269,Product_1269,20,18,821.07
1270,Product_1270,11,68,717.6
1271,Product_1271,19,100,1113.7
1272,Product_1272,18,200,257.46
1273,Product_1273,11,171,872.08
1274,Product_1274,3,193,1335.79
1275,Product_1275,4,169,39.49
1276,Product_1276,6,38,1011.04
1277,Product_1277,12,166,829.38
1278,Product_1278,4,141,1426.45
1279,Product_1279,12,125,391.75
1280,Product_1280,4,22,1289.04
1281,Product_1281,2,29,466.93
1282,Product_1282,12,137,647.65
1283,Product_1283,13,110,323.86
1284,Product_1284,16,108,1296.07
1285,Product_1285,4,68,297.14
1286,Product_1286,8,104,1289.22
1287,Product_1287,5,145,686.14
1288,Product_1288,14,165,1253.45
1289,Product_1289,15,192,400.41
1290,Product_1290,11,195,203.43
1291,Product_1291,10,132,834.67
1292,Product_1292,10,40,766.61
1293,Product_1293,6,144,538.13
1294,Product_1294,16,139,995.92
1295,Product_1295,4,26,147.24
1296,Product_1296,9,95,934.89
1297,Product_1297,10,98,321.58
1298,Product_1298,5,200,197.79
1299,Product_1299,10,103,1364.86
1300,Product_1300,16,193,692.39
1301,Product_1301,11,125,1146.31
1302,Product_1302,6,2,138.23
1303,Product_1303,7,91,90.91
1304,Product_1304,12,45,744.8
1305,Product_1305,13,171,476.75
1306,Product_1306,17,3,12.34
1307,Product_1307,9,162,279.03
1308,Product_1308,8,80,332.07
1309,Product_1309,16,193,436.32
1310,Product_1310,3,64,1316.92
1311,Product_1311,5,135,633.8
1312,Product_1312,13,35,1020.75
1313,Product_1313,18,22,32.5
1314,Product_1314,16,176,1221.82
1315,Product_1315,14,160,364.29
1316,Product_1316,11,26,467.01
1317,Product_1317,18,120,72.66
1318,Product_1318,8,6,617.49
1319,Product_1319,12,174,1279.6
1320,Product_1320,19,183,571.21
1321,Product_1321,20,118,1363.36
1322,Product_1322,2,183,1301.83
1323,Product_1323,9,85,97.63
1324,Product_1324,9,185,461.38
1325,Product_1325,14,121,1366.07
1326,Product_1326,15,63,49.56
1327,Product_1327,11,129,1149.88
1328,Product_1328,13,149,1360.11
1329,Product_1329,5,20,1156.88
1330,Product_1330,6,29,1117.0
1331,Product_1331,5,43,1265.82
1332,Product_1332,1,173,1000.36
1333,Product_1333,18,65,637.53
1334,Product_1334,8,131,98.82
1335,Product_1335,17,96,1183.01
1336,Product_1336,11,20,1358.35
1337,Product_1337,11,81,769.82
1338,Product_1338,3,37,801.1
1339,Product_1339,8,38,607.91
1340,Product_1340,8,45,1286.04
1341,Product_1341,3,170,27.13
1342,Product_1342,10,46,938.7
1343,Product_1343,19,60,1361.58
1344,Product_1344,14,96,159.32
1345,Product_1345,18,13,1438.95
1346,Product_1346,3,31,1451.68
1347,Product_1347,20,124,1395.03
1348,Product_1348,14,68,696.51
1349,Product_1349,11,116,577.54
1350,Product_1350,10,62,1060.39
1351,Product_1351,14,177,481.44
1352,Product_1352,1,146,107.17
1353,Product_1353,16,75,1352.63
1354,Product_1354,6,106,954.11
1355,Product_1355,18,53,314.7
1356,Product_1356,16,146,32.52
1357,Product_1357,19,51,1086.66
1358,Product_1358,16,169,1279.94
1359,Product_1359,5,101,611.44
1360,Product_1360,12,101,125.94
1361,Product_1361,6,195,974.69
1362,Product_1362,2,193,448.91
1363,Product_1363,16,83,220.2
1364,Product_1364,11,123,768.04
1365,Product_1365,12,134,725.36
1366,Product_1366,11,165,777.57
1367,Product_1367,20,12,1236.78
1368,Product_1368,19,81,729.4
1369,Product_1369,8,2,1351.31
1370,Product_1370,18,53,1263.51
1371,Product_1371,5,153,978.42
1372,Product_1372,12,156,89.99
1373,Product_1373,10,173,1298.09
1374,Product_1374,15,37,1358.83
1375,Product_1375,5,145,565.7
1376,Product_1376,17,69,791.6
1377,Product_1377,4,56,425.13
1378,Product_1378,12,121,27.0
1379,Product_1379,18,58,721.78
1380,Product_1380,8,4,198.39
1381,Product_1381,20,103,279.07
1382,Product_1382,17,183,723.66
1383,Product_1383,8,49,1301.22
1384,Product_1384,13,38,1267.73
1385,Product_1385,3,45,1447.78
1386,Product_1386,3,108,726.61
1387,Product_1387,7,158,830.25
1388,Product_1388,18,37,1234.06
1389,Product_1389,7,184,1051.01
1390,Product_1390,2,155,278.32
1391,Product_1391,7,32,600.27
1392,Product_1392,2,139,1394.09
1393,Product_1393,7,58,223.46
1394,Product_1394,14,77,317.99
1395,Product_1395,15,163,603.99
1396,Product_1396,16,17,1410.11
1397,Product_1397,8,158,175.16
1398,Product_1398,16,146,1011.05
1399,Product_1399,7,30,202.52
1400,Product_1400,11,90,789.13
1401,Product_1401,4,119,807.16
1402,Product_1402,18,16,68.73
1403,Product_1403,13,75,1431.41
1404,Product_1404,17,182,1210.9
1405,Product_1405,12,4,457.77
1406,Product_1406,18,127,200.28
1407,Product_1407,10,105,521.71
1408,Product_1408,7,143,1341.94
1409,Product_1409,12,155,203.36
1410,Product_1410,12,4,527.23
1411,Product_1411,13,163,743.99
1412,Product_1412,1,85,54.16
1413,Product_1413,7,63,405.71
1414,Product_1414,16,100,895.47
1415,Product_1415,16,66,489.33
1416,Product_1416,16,39,1306.44
1417,Product_1417,16,156,1405.46
1418,Product_1418,14,162,665.11
1419,Product_1419,11,161,800.37
1420,Product_1420,19,178,948.06
1421,Product_1421,11,188,998.48
1422,Product_1422,2,72,99.57
1423,Product_1423,7,72,85.25
1424,Product_1424,9,42,1299.05
1425,Product_1425,9,86,333.71
1426,Product_1426,14,91,878.24
1427,Product_1427,10,28,938.88
1428,Product_1428,16,155,250.87
1429,Product_1429,18,119,1143.59
1430,Product_1430,1,129,1299.59
1431,Product_1431,2,91,431.64
1432,Product_1432,20,8,1317.37
1433,Product_1433,4,121,126.15
1434,Product_1434,2,46,1201.69
1435,Product_1435,4,24,961.97
1436,Product_1436,6,115,876.75
1437,Product_1437,4,168,349.05
1438,Product_1438,18,179,545.95
1439,Product_1439,5,119,1365.91
1440,Product_1440,11,24,701.28
1441,Product_1441,13,22,893.6
1442,Product_1442,3,68,1404.1
1443,Product_1443,19,136,702.4
1444,Product_1444,20,58,585.46
1445,Product_1445,11,15,1340.34
1446,Product_1446,11,8,1366.78
1447,Product_1447,2,170,535.18
1448,Product_1448,15,167,890.02
1449,Product_1449,8,35,1445.77
1450,Product_1450,2,169,87.93
1451,Product_1451,8,48,64.5
1452,Product_1452,20,96,777.29
1453,Product_1453,15,71,440.4
1454,Product_1454,16,44,874.87
1455,Product_1455,13,97,1087.82
1456,Product_1456,17,35,108.27
1457,Product_1457,14,27,1324.14
1458,Product_1458,14,193,418.95
1459,Product_1459,1,70,575.11
1460,Product_1460,1,66,508.87
1461,Product_1461,3,71,1260.55
1462,Product_1462,15,200,260.13
1463,Product_1463,5,191,47.87
1464,Product_1464,5,80,1457.84
1465,Product_1465,4,29,1471.05
1466,Product_1466,14,31,390.25
1467,Product_1467,20,192,18.98
1468,Product_1468,7,181,970.65
1469,Product_1469,15,68,974.45
1470,Product_1470,11,25,1410.83
1471,Product_1471,14,117,451.21
1472,Product_1472,6,141,288.31
1473,Product_1473,10,81,926.49
1474,Product_1474,7,168,847.69
1475,Product_1475,10,200,1078.02
1476,Product_1476,14,87,1328.27
1477,Product_1477,5,135,841.82
1478,Product_1478,1,160,229.36
1479,Product_1479,19,24,899.2
1480,Product_1480,8,1,564.28
1481,Product_1481,19,111,681.84
1482,Product_1482,17,47,1439.43
1483,Product_1483,19,179,834.65
1484,Product_1484,16,36,228.72
1485,Product_1485,4,155,667.52
1486,Product_1486,8,198,346.5
1487,Product_1487,4,42,207.55
1488,Product_1488,13,76,1069.79
1489,Product_1489,7,90,944.71
1490,Product_1490,1,89,749.19
1491,Product_1491,9,68,637.74
1492,Product_1492,4,70,486.72
1493,Product_1493,14,110,136.57
1494,Product_1494,9,126,452.41
1495,Product_1495,3,141,1258.4
1496,Product_1496,15,153,1176.59
1497,Product_1497,5,95,1458.61
1498,Product_1498,1,22,985.82
1499,Product_1499,11,21,832.69
1500,Product_1500,19,143,447.59
1501,Product_1501,5,195,119.91
1502,Product_1502,17,165,928.94
1503,Product_1503,19,45,734.8
1504,Product_1504,17,154,1139.82
1505,Product_1505,5,111,620.73
1506,Product_1506,20,183,1478.4
1507,Product_1507,9,178,599.43
1508,Product_1508,6,163,502.94
1509,Product_1509,13,169,1307.12
1510,Product_1510,11,72,596.28
1511,Product_1511,1,116,1306.99
1512,Product_1512,17,11,45.89
1513,Product_1513,6,88,1040.43
1514,Product_1514,3,136,112.42
1515,Product_1515,16,54,226.61
1516,Product_1516,13,129,1051.61
1517,Product_1517,12,20,438.14
1518,Product_1518,11,100,319.6
1519,Product_1519,2,34,1203.28
1520,Product_1520,19,57,1419.64
1521,Product_1521,8,141,352.41
1522,Product_1522,13,125,479.21
1523,Product_1523,14,182,1072.54
1524,Product_1524,15,53,1223.86
1525,Product_1525,17,52,1498.75
1526,Product_1526,15,134,413.69
1527,Product_1527,10,36,837.14
1528,Product_1528,1,153,205.36
1529,Product_1529,12,91,499.61
1530,Product_1530,9,186,72.23
1531,Product_1531,5,183,320.2
1532,Product_1532,15,95,762.28
1533,Product_1533,3,3,249.82
1534,Product_1534,19,28,1334.63
1535,Product_1535,7,122,1066.91
1536,Product_1536,7,196,46.47
1537,Product_1537,7,166,1315.67
1538,Product_1538,2,34,1466.09
1539,Product_1539,2,84,755.28
1540,Product_1540,12,141,475.34
1541,Product_1541,5,111,398.88
1542,Product_1542,4,5,135.69
1543,Product_1543,7,128,739.96
1544,Product_1544,16,188,79.96
1545,Product_1545,3,88,758.24
1546,Product_1546,2,115,382.56
1547,Product_1547,17,102,717.27
1548,Product_1548,9,17,630.48
1549,Product_1549,20,185,461.15
1550,Product_1550,8,31,675.71
1551,Product_1551,12,92,713.68
1552,Product_1552,7,193,1251.37
1553,Product_1553,14,194,1000.35
1554,Product_1554,16,161,652.57
1555,Product_1555,1,104,1358.34
1556,Product_1556,10,93,1134.83
1557,Product_1557,11,132,118.2
1558,Product_1558,7,82,234.85
1559,Product_1559,18,55,127.09
1560,Product_1560,19,152,481.7
1561,Product_1561,14,160,656.29
1562,Product_1562,17,73,758.85
1563,Product_1563,19,47,1277.86
1564,Product_1564,13,144,31.84
1565,Product_1565,3,149,645.29
1566,Product_1566,2,94,619.44
1567,Product_1567,9,67,1421.48
1568,Product_1568,7,97,365.35
1569,Product_1569,14,159,188.0
1570,Product_1570,5,120,217.68
1571,Product_1571,20,142,782.61
1572,Product_1572,15,134,589.4
1573,Product_1573,20,197,1132.44
1574,Product_1574,1,157,488.16
1575,Product_1575,20,183,196.3
1576,Product_1576,7,37,583.38
1577,Product_1577,5,187,1325.14
1578,Product_1578,4,164,611.26
1579,Product_1579,11,110,1251.27
1580,Product_1580,19,187,560.44
1581,Product_1581,6,78,425.67
1582,Product_1582,20,192,1163.42
1583,Product_1583,18,171,317.81
1584,Product_1584,5,118,351.59
1585,Product_1585,20,42,79.47
1586,Product_1586,15,74,285.83
1587,Product_1587,20,125,571.33
1588,Product_1588,6,60,602.36
1589,Product_1589,4,190,633.84
1590,Product_1590,17,64,722.14
1591,Product_1591,15,58,860.01
1592,Product_1592,18,2,288.2
1593,Product_1593,6,78,922.85
1594,Product_1594,20,71,508.15
1595,Product_1595,19,120,1102.35
1596,Product_1596,12,8,838.02
1597,Product_1597,9,184,833.63
1598,Product_1598,8,164,1029.8
1599,Product_1599,15,197,502.86
1600,Product_1600,1,13,646.7
1601,Product_1601,2,39,876.43
1602,Product_1602,3,102,635.23
1603,Product_1603,19,81,669.16
1604,Product_1604,10,6,412.37
1605,Product_1605,14,19,434.64
1606,Product_1606,19,153,1049.94
1607,Product_1607,11,131,11.4
1608,Product_1608,6,105,147.46
1609,Product_1609,19,53,1423.47
1610,Product_1610,14,28,284.59
1611,Product_1611,8,154,630.09
1612,Product_1612,2,47,1275.28
1613,Product_1613,18,136,5.15
1614,Product_1614,4,57,1388.14
1615,Product_1615,3,55,84.97
1616,Product_1616,2,79,260.45
1617,Product_1617,4,1,48.51
1618,Product_1618,18,168,781.68
1619,Product_1619,11,23,1414.93
1620,Product_1620,9,182,1259.36
1621,Product_1621,8,42,961.42
1622,Product_1622,8,178,282.31
1623,Product_1623,5,4,1305.05
1624,Product_1624,13,8,1133.39
1625,Product_1625,7,164,403.94
1626,Product_1626,5,10,1208.61
1627,Product_1627,13,116,1316.34
1628,Product_1628,20,158,1048.85
1629,Product_1629,16,100,155.07
1630,Product_1630,14,16,1476.45
1631,Product_1631,5,158,118.62
1632,Product_1632,19,64,983.44
1633,Product_1633,4,108,170.24
1634,Product_1634,11,121,1358.59
1635,Product_1635,2,139,528.22
1636,Product_1636,13,162,769.7
1637,Product_1637,16,55,272.25
1638,Product_1638,9,83,822.11
1639,Product_1639,16,4,1408.57
1640,Product_1640,7,177,1352.94
1641,Product_1641,16,44,100.52
1642,Product_1642,13,159,570.5
1643,Product_1643,5,48,404.81
1644,Product_1644,15,99,724.64
1645,Product_1645,7,98,1251.43
1646,Product_1646,18,26,1109.58
1647,Product_1647,20,103,519.25
1648,Product_1648,2,198,577.09
1649,Product_1649,8,97,983.11
1650,Product_1650,10,12,295.37
1651,Product_1651,10,45,158.58
1652,Product_1652,11,136,367.67
1653,Product_1653,8,9,190.43
1654,Product_1654,16,1,531.22
1655,Product_1655,16,133,1406.66
1656,Product_1656,17,71,184.85
1657,Product_1657,6,54,1228.39
1658,Product_1658,18,104,804.3
1659,Product_1659,17,152,951.19
1660,Product_1660,12,154,259.27
1661,Product_1661,15,10,231.3
1662,Product_1662,7,189,248.3
1663,Product_1663,14,40,1002.26
1664,Product_1664,4,44,1122.94
1665,Product_1665,17,112,1380.77
1666,Product_1666,11,12,600.3
1667,Product_1667,6,22,695.64
1668,Product_1668,10,155,707.04
1669,Product_1669,15,195,408.5
1670,Product_1670,6,82,495.71
1671,Product_1671,16,197,1271.0
1672,Product_1672,12,142,518.86
1673,Product_1673,19,153,1304.3
1674,Product_1674,16,52,461.38
1675,Product_1675,14,112,513.13
1676,Product_1676,6,118,842.62
1677,Product_1677,9,59,159.17
1678,Product_1678,1,38,1383.48
1679,Product_1679,8,20,1231.5
1680,Product_1680,7,78,1007.4
1681,Product_1681,14,20,1482.25
1682,Product_1682,8,184,28.92
1683,Product_1683,11,101,619.54
1684,Product_1684,9,110,1288.22
1685,Product_1685,19,30,652.36
1686,Product_1686,7,107,12.84
1687,Product_1687,6,41,240.84
1688,Product_1688,18,84,653.94
1689,Product_1689,5,71,1003.58
1690,Product_1690,19,63,248.17
1691,Product_1691,11,197,674.82
1692,Product_1692,5,95,24.12
1693,Product_1693,9,29,718.86
1694,Product_1694,8,77,1344.41
1695,Product_1695,11,172,897.17
1696,Product_1696,6,79,663.78
1697,Product_1697,15,83,247.58
1698,Product_1698,6,57,307.62
1699,Product_1699,11,152,119.38
1700,Product_1700,15,147,1114.9
1701,Product_1701,12,17,120.32
1702,Product_1702,9,112,579.0
1703,Product_1703,10,197,1126.02
1704,Product_1704,15,189,1070.67
1705,Product_1705,17,132,868.41
1706,Product_1706,16,150,859.11
1707,Product_1707,8,6,140.04
1708,Product_1708,17,158,266.5
1709,Product_1709,11,93,804.44
1710,Product_1710,11,75,525.38
1711,Product_1711,6,139,33.31
1712,Product_1712,2,48,1198.26
1713,Product_1713,1,46,982.45
1714,Product_1714,20,155,492.05
1715,Product_1715,6,147,151.82
1716,Product_1716,5,86,888.85
1717,Product_1717,9,92,526.08
1718,Product_1718,5,59,386.81
1719,Product_1719,18,124,1083.6
1720,Product_1720,19,196,495.58
1721,Product_1721,15,182,208.39
1722,Product_1722,15,83,725.07
1723,Product_1723,9,145,1243.56
1724,Product_1724,14,50,1275.24
1725,Product_1725,5,168,1274.77
1726,Product_1726,17,100,634.28
1727,Product_1727,15,87,1187.45
1728,Product_1728,20,114,1276.09
1729,Product_1729,17,139,692.01
1730,Product_1730,9,122,481.52
1731,Product_1731,13,14,1054.44
1732,Product_1732,13,13,1357.18
1733,Product_1733,5,88,1458.37
1734,Product_1734,14,80,438.89
1735,Product_1735,7,156,1434.48
1736,Product_1736,5,172,751.43
1737,Product_1737,12,63,462.52
1738,Product_1738,3,103,1482.66
1739,Product_1739,9,106,1317.32
1740,Product_1740,10,189,1040.16
1741,Product_1741,1,17,1342.94
1742,Product_1742,14,50,1023.82
1743,Product_1743,1,154,663.4
1744,Product_1744,10,135,1422.33
1745,Product_1745,11,123,1445.06
1746,Product_1746,20,79,474.69
1747,Product_1747,2,16,534.82
1748,Product_1748,2,17,577.17
1749,Product_1749,11,90,1234.11
1750,Product_1750,8,163,1187.76
1751,Product_1751,3,84,1474.76
1752,Product_1752,9,84,700.49
1753,Product_1753,16,151,1106.47
1754,Product_1754,16,197,1285.8
1755,Product_1755,10,9,335.74
1756,Product_1756,6,18,932.73
1757,Product_1757,20,75,823.82
1758,Product_1758,20,176,1115.53
1759,Product_1759,20,72,1044.66
1760,Product_1760,11,91,1220.12
1761,Product_1761,8,66,470.16
1762,Product_1762,20,23,328.45
1763,Product_1763,1,138,1208.77
1764,Product_1764,6,38,544.04
1765,Product_1765,8,128,434.92
1766,Product_1766,14,59,508.54
1767,Product_1767,3,68,104.2
1768,Product_1768,2,85,1160.85
1769,Product_1769,1,119,1074.16
1770,Product_1770,11,171,831.28
1771,Product_1771,6,12,1075.55
1772,Product_1772,8,112,562.83
1773,Product_1773,7,116,446.58
1774,Product_1774,6,181,1294.14
1775,Product_1775,18,142,636.57
1776,Product_1776,12,52,297.89
1777,Product_1777,8,84,1124.82
1778,Product_1778,19,111,507.13
1779,Product_1779,5,200,321.72
1780,Product_1780,19,61,45.69
1781,Product_1781,9,169,1456.05
1782,Product_1782,12,21,703.6
1783,Product_1783,15,176,246.83
1784,Product_1784,13,56,1137.93
1785,Product_1785,13,35,1332.04
1786,Product_1786,5,44,794.31
1787,Product_1787,2,39,47.4
1788,Product_1788,19,143,550.89
1789,Product_1789,8,140,368.44
1790,Product_1790,14,117,956.41
1791,Product_1791,6,8,780.69
1792,Product_1792,7,124,536.83
1793,Product_1793,14,101,974.52
1794,Product_1794,6,67,878.72
1795,Product_1795,16,94,1360.2
1796,Product_1796,4,93,897.22
1797,Product_1797,7,129,764.03
1798,Product_1798,16,80,1236.39
1799,Product_1799,4,42,307.62
1800,Product_1800,7,31,369.13
1801,Product_1801,2,122,1176.44
1802,Product_1802,8,74,666.31
1803,Product_1803,10,158,616.81
1804,Product_1804,2,43,1331.18
1805,Product_1805,6,26,917.11
1806,Product_1806,4,12,1205.35
1807,Product_1807,1,127,1215.71
1808,Product_1808,6,104,184.44
1809,Product_1809,12,187,982.29
1810,Product_1810,14,69,1429.01
1811,Product_1811,15,73,722.64
1812,Product_1812,18,11,1099.61
1813,Product_1813,17,47,852.27
1814,Product_1814,9,23,311.24
1815,Product_1815,15,81,296.81
1816,Product_1816,18,171,653.58
1817,Product_1817,18,77,727.07
1818,Product_1818,5,123,757.18
1819,Product_1819,16,167,1432.73
1820,Product_1820,9,73,154.88
1821,Product_1821,3,55,573.89
1822,Product_1822,12,18,774.25
1823,Product_1823,14,94,1444.85
1824,Product_1824,1,170,758.95
1825,Product_1825,9,154,1164.04
1826,Product_1826,9,18,1125.17
1827,Product_1827,20,128,851.83
1828,Product_1828,13,41,200.4
1829,Product_1829,8,170,332.04
1830,Product_1830,11,33,364.01
1831,Product_1831,14,43,62.8
1832,Product_1832,16,14,571.93
1833,Product_1833,11,183,917.72
1834,Product_1834,19,58,220.68
1835,Product_1835,10,138,266.68
1836,Product_1836,8,28,1061.94
1837,Product_1837,11,14,258.03
1838,Product_1838,8,154,207.33
1839,Product_1839,20,74,1466.87
1840,Product_1840,10,145,27.03
1841,Product_1841,17,162,491.49
1842,Product_1842,11,14,57.23
1843,Product_1843,12,154,1257.88
1844,Product_1844,10,162,877.39
1845,Product_1845,20,24,76.69
1846,Product_1846,17,104,924.97
1847,Product_1847,3,70,189.03
1848,Product_1848,7,20,746.12
1849,Product_1849,3,167,1005.77
1850,Product_1850,17,121,227.02
1851,Product_1851,8,173,748.09
1852,Product_1852,19,34,688.83
1853,Product_1853,14,150,1374.05
1854,Product_1854,5,71,1493.57
1855,Product_1855,19,33,983.44
1856,Product_1856,13,6,1283.01
1857,Product_1857,18,16,972.09
1858,Product_1858,11,200,1315.05
1859,Product_1859,12,109,652.74
1860,Product_1860,8,23,913.94
1861,Product_1861,12,146,1268.53
1862,Product_1862,1,14,1377.54
1863,Product_1863,18,50,41.9
1864,Product_1864,2,61,160.41
1865,Product_1865,12,36,1397.1
1866,Product_1866,19,15,854.92
1867,Product_1867,7,5,1485.34
1868,Product_1868,7,53,1189.99
1869,Product_1869,1,48,1228.12
1870,Product_1870,18,11,582.25
1871,Product_1871,8,2,390.02
1872,Product_1872,10,87,899.4
1873,Product_1873,1,24,1319.15
1874,Product_1874,15,68,1089.92
1875,Product_1875,15,79,710.9
1876,Product_1876,4,12,1131.03
1877,Product_1877,10,187,1037.14
1878,Product_1878,8,67,1370.01
1879,Product_1879,14,160,399.02
1880,Product_1880,13,36,183.37
1881,Product_1881,17,149,707.73
1882,Product_1882,7,112,544.82
1883,Product_1883,6,198,1462.42
1884,Product_1884,9,194,16.22
1885,Product_1885,20,122,1400.41
1886,Product_1886,20,137,1432.84
1887,Product_1887,8,44,81.18
1888,Product_1888,14,59,1334.91
1889,Product_1889,20,152,708.81
1890,Product_1890,3,127,1150.4
1891,Product_1891,13,63,123.49
1892,Product_1892,9,41,1433.03
1893,Product_1893,9,76,913.28
1894,Product_1894,11,107,1348.55
1895,Product_1895,6,130,1011.08
1896,Product_1896,12,95,807.53
1897,Product_1897,4,28,262.88
1898,Product_1898,4,144,271.04
1899,Product_1899,17,59,711.49
1900,Product_1900,7,129,1306.31
1901,Product_1901,6,86,177.25
1902,Product_1902,20,1,1497.59
1903,Product_1903,8,31,1314.49
1904,Product_1904,7,22,591.88
1905,Product_1905,8,187,383.41
1906,Product_1906,9,119,1383.38
1907,Product_1907,1,28,189.2
1908,Product_1908,3,116,524.2
1909,Product_1909,18,76,130.45
1910,Product_1910,19,27,1430.43
1911,Product_1911,11,87,928.35
1912,Product_1912,16,129,507.59
1913,Product_1913,18,124,416.85
1914,Product_1914,6,107,668.92
1915,Product_1915,2,130,141.61
1916,Product_1916,4,95,1334.58
1917,Product_1917,5,66,768.86
1918,Product_1918,14,177,1089.02
1919,Product_1919,1,19,354.45
1920,Product_1920,14,156,758.11
1921,Product_1921,13,198,320.57
1922,Product_1922,16,167,1225.06
1923,Product_1923,4,19,1164.04
1924,Product_1924,6,127,226.56
1925,Product_1925,9,116,116.39
1926,Product_1926,1,64,1237.17
1927,Product_1927,17,58,168.92
1928,Product_1928,4,17,824.98
1929,Product_1929,6,198,804.06
1930,Product_1930,16,79,308.4
1931,Product_1931,7,41,889.08
1932,Product_1932,5,5,756.62
1933,Product_1933,9,23,766.24
1934,Product_1934,19,197,542.75
1935,Product_1935,1,126,1258.45
1936,Product_1936,8,10,131.13
1937,Product_1937,20,68,660.74
1938,Product_1938,4,140,393.43
1939,Product_1939,17,111,1273.41
1940,Product_1940,1,138,341.5
1941,Product_1941,2,60,1151.7
1942,Product_1942,14,127,919.22
1943,Product_1943,2,30,1312.81
1944,Product_1944,1,114,892.72
1945,Product_1945,13,152,836.94
1946,Product_1946,8,69,1202.69
1947,Product_1947,9,13,845.92
1948,Product_1948,20,9,1267.59
1949,Product_1949,2,146,78.73
1950,Product_1950,17,163,745.25
1951,Product_1951,6,132,1219.97
1952,Product_1952,3,169,1273.31
1953,Product_1953,20,26,1251.91
1954,Product_1954,17,125,908.55
1955,Product_1955,6,44,1490.99
1956,Product_1956,8,170,276.17
1957,Product_1957,14,10,265.81
1958,Product_1958,10,105,54.07
1959,Product_1959,20,106,1484.06
1960,Product_1960,10,1,525.29
1961,Product_1961,15,182,1144.27
1962,Product_1962,8,144,94.27
1963,Product_1963,11,46,451.54
1964,Product_1964,16,141,937.65
1965,Product_1965,3,64,789.55
1966,Product_1966,15,78,315.58
1967,Product_1967,13,87,695.08
1968,Product_1968,11,183,167.63
1969,Product_1969,14,63,816.34
1970,Product_1970,7,146,149.93
1971,Product_1971,19,61,955.72
1972,Product_1972,15,92,237.26
1973,Product_1973,6,123,822.89
1974,Product_1974,20,20,198.04
1975,Product_1975,7,193,604.06
1976,Product_1976,14,64,530.99
1977,Product_1977,4,76,1135.83
1978,Product_1978,9,192,963.54
1979,Product_1979,7,107,1405.95
1980,Product_1980,15,141,1383.26
1981,Product_1981,3,196,1088.87
1982,Product_1982,5,198,1157.03
1983,Product_1983,17,57,939.24
1984,Product_1984,1,45,1039.04
1985,Product_1985,1,120,927.75
1986,Product_1986,16,86,471.09
1987,Product_1987,14,38,529.28
1988,Product_1988,11,182,864.23
1989,Product_1989,14,164,1081.66
1990,Product_1990,8,67,612.15
1991,Product_1991,19,121,218.29
1992,Product_1992,2,126,691.83
1993,Product_1993,10,11,1444.97
1994,Product_1994,5,98,325.06
1995,Product_1995,15,155,975.36
1996,Product_1996,1,87,1473.9
1997,Product_1997,2,145,567.48
1998,Product_1998,19,122,1332.39
1999,Product_1999,17,98,1296.69
2000,Product_2000,15,33,511.87
